"","Label","Type","00- Reference Model","01- No Acoustic visual","02- No tagging index","03- No non-trawl index","04- No ORBS index","05- No MRFSS index","06- No MPA index","07- Add SMURF index","08- No data-weighting","09- Dirichlet","10- McA-I","11- 2015 Catch history","12- Sex=3","13- Sex=3, est M","14- No age bias"
"1","AIC",NA,NA,NA,NA,NA,NA,NA,NA,NA,NA,NA,NA,NA,NA,NA,NA
"2",NA,"AIC",7587.34,7584.46,7612.52,7648.76,7620.96,7593.96,7595.64,7601.3,33506.6,67802,4198.6,7600.82,7972.74,7876.08,7425.2
"3",NA,"deltaAIC",0,-2.88000000000011,25.1800000000003,61.4200000000001,33.6199999999999,6.61999999999989,8.30000000000018,13.96,25919.26,60214.66,-3388.74,13.4799999999996,385.4,288.74,-162.14
"4","Survey_likelihood",NA,NA,NA,NA,NA,NA,NA,NA,NA,NA,NA,NA,NA,NA,NA,NA
"5",NA,"ALL",-78.8745,-80.3262,-65.2486,-51.7599,-60.877,-74.2065,-73.6943,-72.9136,-79.1542,-78.1879,-78.7312,-79.4079,-74.3635,-80.8059,-77.3064
"6",NA,"Trawl_wdis",0,0,0,0,0,0,0,0,0,0,0,0,0,0,0
"7",NA,"Non.Trawl_wdis",-37.9504,-37.3752,-38.5994,0,-39.5048,-38.5108,-38.2412,-37.9553,-38.6398,-38.066,-37.3893,-37.0058,-38.0375,-36.1425,-36.1961
"8",NA,"Ocean",-18.7519,-19.2006,-18.2522,-26.5199,0,-18.2299,-18.4623,-18.7627,-16.4229,-16.3478,-19.7036,-19.493,-17.452,-18.3567,-19.714
"9",NA,"Shore",0,0,0,0,0,0,0,0,0,0,0,0,0,0,0
"10",NA,"Acoustic_Visual",1.35773,NA,1.29005,3.33734,1.05123,1.3262,1.28174,1.35541,-0.0977109,-0.162605,1.8251,1.39973,2.06795,-0.232858,2.37893
"11",NA,"Tag",-13.7463,-13.8289,NA,-15.1884,-13.326,-13.6499,-13.7482,-13.7464,-13.5761,-13.8206,-13.5669,-14.0185,-14.6993,-15.3073,-13.1833
"12",NA,"MRFSS",-4.58449,-4.63302,-4.48561,-6.55918,-4.13145,NA,-4.52441,-4.55648,-5.86709,-5.36322,-4.49205,-5.05324,-1.44863,-6.13399,-5.29969
"13",NA,"MPA",-5.19912,-5.28848,-5.20143,-6.82978,-4.96604,-5.14216,NA,-5.20282,-4.55056,-4.42765,-5.40446,-5.237,-4.79397,-4.63256,-5.29225
"14",NA,"SMURF",NA,NA,NA,NA,NA,NA,NA,5.95475,NA,NA,NA,NA,NA,NA,NA
"15","Survey_lambda",NA,NA,NA,NA,NA,NA,NA,NA,NA,NA,NA,NA,NA,NA,NA,NA
"16",NA,"ALL",NA,NA,NA,NA,NA,NA,NA,NA,NA,NA,NA,NA,NA,NA,NA
"17",NA,"Trawl_wdis",0,0,0,0,0,0,0,0,0,0,0,0,0,0,0
"18",NA,"Non.Trawl_wdis",0,0,0,0,0,0,0,0,0,0,0,0,0,0,0
"19",NA,"Ocean",0,0,0,0,0,0,0,0,0,0,0,0,0,0,0
"20",NA,"Shore",0,0,0,0,0,0,0,0,0,0,0,0,0,0,0
"21",NA,"Acoustic_Visual",0,NA,0,0,0,0,0,0,0,0,0,0,0,0,0
"22",NA,"Tag",0,0,NA,0,0,0,0,0,0,0,0,0,0,0,0
"23",NA,"MRFSS",0,0,0,0,0,NA,0,0,0,0,0,0,0,0,0
"24",NA,"MPA",0,0,0,0,0,0,NA,0,0,0,0,0,0,0,0
"25",NA,"SMURF",NA,NA,NA,NA,NA,NA,NA,0,NA,NA,NA,NA,NA,NA,NA
"26","Lt_likelihood",NA,NA,NA,NA,NA,NA,NA,NA,NA,NA,NA,NA,NA,NA,NA,NA
"27",NA,"ALL",0,0,0,0,0,0,0,0,0,0,0,0,0,0,0
"28",NA,"Trawl_wdis",73.1152,73.0427,73.1786,72.7102,73.2922,73.2399,73.1307,73.1219,185.398,942.347,127.85,73.6179,74.9454,73.0875,71.9348
"29",NA,"Non.Trawl_wdis",303.655,300.394,302.68,315.955,301.463,296.879,303.695,303.372,1300.89,3399.93,79.7279,306.378,243.368,266.711,302.225
"30",NA,"Ocean",119.642,116.993,118.243,128.901,118.086,114.505,120.051,119.336,1055.33,2408.58,62.9417,123.44,80.2206,92.242,114.962
"31",NA,"Shore",25.6798,25.4588,25.7758,23.8489,26.1088,25.6848,25.7702,25.6996,115.148,354.345,96.8664,27.8964,24.123,20.6525,24.9289
"32",NA,"Acoustic_Visual",0,NA,0,0,0,0,0,0,0,0,0,0,0,0,0
"33",NA,"Tag",0,0,NA,0,0,0,0,0,0,0,0,0,0,0,0
"34",NA,"MRFSS",0,0,0,0,0,NA,0,0,0,0,0,0,0,0,0
"35",NA,"MPA",18.6536,18.5019,18.7014,19.0365,18.6683,18.4549,NA,18.6596,51.9931,339.837,39.3027,18.7319,16.9125,17.877,18.1199
"36",NA,"SMURF",NA,NA,NA,NA,NA,NA,NA,0,NA,NA,NA,NA,NA,NA,NA
"37","Lt_lambda",NA,NA,NA,NA,NA,NA,NA,NA,NA,NA,NA,NA,NA,NA,NA,NA
"38",NA,"ALL",NA,NA,NA,NA,NA,NA,NA,NA,NA,NA,NA,NA,NA,NA,NA
"39",NA,"Trawl_wdis",0,0,0,0,0,0,0,0,0,0,0,0,0,0,0
"40",NA,"Non.Trawl_wdis",0,0,0,0,0,0,0,0,0,0,0,0,0,0,0
"41",NA,"Ocean",0,0,0,0,0,0,0,0,0,0,0,0,0,0,0
"42",NA,"Shore",0,0,0,0,0,0,0,0,0,0,0,0,0,0,0
"43",NA,"Acoustic_Visual",0,NA,0,0,0,0,0,0,0,0,0,0,0,0,0
"44",NA,"Tag",0,0,NA,0,0,0,0,0,0,0,0,0,0,0,0
"45",NA,"MRFSS",0,0,0,0,0,NA,0,0,0,0,0,0,0,0,0
"46",NA,"MPA",0,0,0,0,0,0,NA,0,0,0,0,0,0,0,0
"47",NA,"SMURF",NA,NA,NA,NA,NA,NA,NA,0,NA,NA,NA,NA,NA,NA,NA
"48","Age_likelihood",NA,NA,NA,NA,NA,NA,NA,NA,NA,NA,NA,NA,NA,NA,NA,NA
"49",NA,"ALL",3803.21,3803.85,3803.05,3807.44,3802.82,3804.39,3803.08,3803.35,16629.1,33753,2126.69,3808.61,4004.56,3928.96,3724.4
"50",NA,"Trawl_wdis",748.228,747.993,747.967,746.735,748.927,749.131,748.443,748.283,1141.4,1839.94,626.602,751.181,382.964,388.807,761.697
"51",NA,"Non.Trawl_wdis",1304.37,1304.76,1303.92,1306.88,1303.77,1304.25,1304.26,1304.35,5817.44,12823.5,835.037,1305.77,2291.29,2243.06,1259.18
"52",NA,"Ocean",1750.61,1751.1,1751.16,1753.83,1750.12,1751.01,1750.39,1750.72,9670.28,19089.6,665.047,1751.66,1330.31,1297.1,1703.52
"53",NA,"Shore",0,0,0,0,0,0,0,0,0,0,0,0,0,0,0
"54",NA,"Acoustic_Visual",0,NA,0,0,0,0,0,0,0,0,0,0,0,0,0
"55",NA,"Tag",0,0,NA,0,0,0,0,0,0,0,0,0,0,0,0
"56",NA,"MRFSS",0,0,0,0,0,NA,0,0,0,0,0,0,0,0,0
"57",NA,"MPA",0,0,0,0,0,0,NA,0,0,0,0,0,0,0,0
"58",NA,"SMURF",NA,NA,NA,NA,NA,NA,NA,0,NA,NA,NA,NA,NA,NA,NA
"59","Age_lambda",NA,NA,NA,NA,NA,NA,NA,NA,NA,NA,NA,NA,NA,NA,NA,NA
"60",NA,"ALL",NA,NA,NA,NA,NA,NA,NA,NA,NA,NA,NA,NA,NA,NA,NA
"61",NA,"Trawl_wdis",1,1,1,1,1,1,1,1,1,1,1,1,1,1,1
"62",NA,"Non.Trawl_wdis",1,1,1,1,1,1,1,1,1,1,1,1,1,1,1
"63",NA,"Ocean",1,1,1,1,1,1,1,1,1,1,1,1,1,1,1
"64",NA,"Shore",0,0,0,0,0,0,0,0,0,0,0,0,0,0,0
"65",NA,"Acoustic_Visual",0,NA,0,0,0,0,0,0,0,0,0,0,0,0,0
"66",NA,"Tag",0,0,NA,0,0,0,0,0,0,0,0,0,0,0,0
"67",NA,"MRFSS",0,0,0,0,0,NA,0,0,0,0,0,0,0,0,0
"68",NA,"MPA",0,0,0,0,0,0,NA,0,0,0,0,0,0,0,0
"69",NA,"SMURF",NA,NA,NA,NA,NA,NA,NA,0,NA,NA,NA,NA,NA,NA,NA
"70","Parameters",NA,NA,NA,NA,NA,NA,NA,NA,NA,NA,NA,NA,NA,NA,NA,NA
"71",NA,"NatM_uniform_Fem_GP_1",0.19,0.19,0.19,0.19,0.19,0.19,0.19,0.19,0.19,0.19,0.19,0.19,0.19,0.233972,0.19
"72",NA,"L_at_Amin_Fem_GP_1",0,0,0,0,0,0,0,0,0,0,0,0,0,0,0
"73",NA,"L_at_Amax_Fem_GP_1",51.0018,50.9802,51.0028,51.0385,50.9935,50.9608,51.0025,51.0018,54.087,54.06,50.1444,51.0193,50.4212,51.0515,51.0993
"74",NA,"VonBert_K_Fem_GP_1",0.181595,0.181675,0.181587,0.181539,0.181607,0.181698,0.181587,0.181584,0.162663,0.162701,0.188429,0.181563,0.18307,0.178638,0.18462
"75",NA,"CV_young_Fem_GP_1",0.1,0.1,0.1,0.1,0.1,0.1,0.1,0.1,0.1,0.1,0.1,0.1,0.1,0.1,0.1
"76",NA,"CV_old_Fem_GP_1",0.1,0.1,0.1,0.1,0.1,0.1,0.1,0.1,0.1,0.1,0.1,0.1,0.1,0.1,0.1
"77",NA,"Wtlen_1_Fem_GP_1",2.54537e-05,2.54537e-05,2.54537e-05,2.54537e-05,2.54537e-05,2.54537e-05,2.54537e-05,2.54537e-05,2.54537e-05,2.54537e-05,2.54537e-05,2.54537e-05,2.54537e-05,2.54537e-05,2.54537e-05
"78",NA,"Wtlen_2_Fem_GP_1",2.89504,2.89504,2.89504,2.89504,2.89504,2.89504,2.89504,2.89504,2.89504,2.89504,2.89504,2.89504,2.89504,2.89504,2.89504
"79",NA,"Mat50%_Fem_GP_1",40.36,40.36,40.36,40.36,40.36,40.36,40.36,40.36,40.36,40.36,40.36,40.36,40.36,40.36,40.36
"80",NA,"Mat_slope_Fem_GP_1",-0.380418,-0.380418,-0.380418,-0.380418,-0.380418,-0.380418,-0.380418,-0.380418,-0.380418,-0.380418,-0.380418,-0.380418,-0.380418,-0.380418,-0.380418
"81",NA,"Eggs_scalar_Fem_GP_1",1.41e-08,1.41e-08,1.41e-08,1.41e-08,1.41e-08,1.41e-08,1.41e-08,1.41e-08,1.41e-08,1.41e-08,1.41e-08,1.41e-08,1.41e-08,1.41e-08,1.41e-08
"82",NA,"Eggs_exp_len_Fem_GP_1",4.685,4.685,4.685,4.685,4.685,4.685,4.685,4.685,4.685,4.685,4.685,4.685,4.685,4.685,4.685
"83",NA,"NatM_uniform_Mal_GP_1",0.17,0.17,0.17,0.17,0.17,0.17,0.17,0.17,0.17,0.17,0.17,0.17,0.17,0.230704,0.17
"84",NA,"L_at_Amin_Mal_GP_1",0,0,0,0,0,0,0,0,0,0,0,0,0,0,0
"85",NA,"L_at_Amax_Mal_GP_1",46.0356,46.007,46.0357,46.1576,46.0077,45.9616,46.0345,46.0358,46.5318,46.7316,46.3321,46.0766,44.9083,45.4148,45.8513
"86",NA,"VonBert_K_Mal_GP_1",0.215239,0.215434,0.215226,0.214414,0.21541,0.215697,0.215239,0.215219,0.212281,0.208623,0.211268,0.215001,0.216849,0.21254,0.221706
"87",NA,"CV_young_Mal_GP_1",0.1,0.1,0.1,0.1,0.1,0.1,0.1,0.1,0.1,0.1,0.1,0.1,0.1,0.1,0.1
"88",NA,"CV_old_Mal_GP_1",0.1,0.1,0.1,0.1,0.1,0.1,0.1,0.1,0.1,0.1,0.1,0.1,0.1,0.1,0.1
"89",NA,"Wtlen_1_Mal_GP_1",2.56318e-05,2.56318e-05,2.56318e-05,2.56318e-05,2.56318e-05,2.56318e-05,2.56318e-05,2.56318e-05,2.56318e-05,2.56318e-05,2.56318e-05,2.56318e-05,2.56318e-05,2.56318e-05,2.56318e-05
"90",NA,"Wtlen_2_Mal_GP_1",2.89394,2.89394,2.89394,2.89394,2.89394,2.89394,2.89394,2.89394,2.89394,2.89394,2.89394,2.89394,2.89394,2.89394,2.89394
"91",NA,"CohortGrowDev",1,1,1,1,1,1,1,1,1,1,1,1,1,1,1
"92",NA,"FracFemale_GP_1",0.5,0.5,0.5,0.5,0.5,0.5,0.5,0.5,0.5,0.5,0.5,0.5,0.5,0.5,0.5
"93",NA,"SR_LN(R0)",8.10434,8.0944,8.10815,8.01864,8.12198,8.1101,8.10858,8.10535,8.22919,8.25509,8.07918,8.07564,8.09112,8.86904,8.07394
"94",NA,"SR_BH_steep",0.72,0.72,0.72,0.72,0.72,0.72,0.72,0.72,0.72,0.72,0.72,0.72,0.72,0.72,0.72
"95",NA,"SR_sigmaR",0.6,0.6,0.6,0.6,0.6,0.6,0.6,0.6,0.6,0.6,0.6,0.6,0.6,0.6,0.6
"96",NA,"SR_regime",0,0,0,0,0,0,0,0,0,0,0,0,0,0,0
"97",NA,"SR_autocorr",0,0,0,0,0,0,0,0,0,0,0,0,0,0,0
"98",NA,"Main_RecrDev_1980",-0.761579,-0.747824,-0.769441,-0.605502,-0.798416,-0.698112,-0.768549,-0.762852,-0.80732,-0.791631,-0.752789,-0.897557,-0.702064,-0.561067,-0.715779
"99",NA,"Main_RecrDev_1981",-0.753759,-0.741428,-0.760956,-0.611085,-0.787508,-0.72241,-0.760069,-0.754993,-0.668728,-0.668449,-0.806124,-0.870799,-0.739622,-0.632297,-0.666433
"100",NA,"Main_RecrDev_1982",-0.459911,-0.44732,-0.467142,-0.313491,-0.493815,-0.469194,-0.466297,-0.461544,-0.265328,-0.28396,-0.628158,-0.568089,-0.475886,-0.399594,-0.42719
"101",NA,"Main_RecrDev_1983",-0.523346,-0.511351,-0.530302,-0.383039,-0.555884,-0.541935,-0.529463,-0.524864,-0.437458,-0.458012,-0.647849,-0.617978,-0.536307,-0.484767,-0.403589
"102",NA,"Main_RecrDev_1984",-0.0778056,-0.0661973,-0.0844571,0.0586926,-0.108905,-0.11665,-0.0837074,-0.0795613,0.0124558,-0.0214697,-0.226839,-0.149209,-0.102605,-0.0897694,0.0609117
"103",NA,"Main_RecrDev_1985",0.117348,0.12819,0.111024,0.247522,0.08777,0.0772999,0.111762,0.115625,0.129049,0.100182,0.0461543,0.0700843,0.082389,0.0784847,0.0674927
"104",NA,"Main_RecrDev_1986",-0.062489,-0.052749,-0.0684946,0.0607261,-0.0906433,-0.0960006,-0.0677017,-0.0640793,-0.091943,-0.120408,-0.0779121,-0.0871929,-0.121022,-0.125099,-0.117262
"105",NA,"Main_RecrDev_1987",-0.143152,-0.13467,-0.148874,-0.0262416,-0.170019,-0.171739,-0.147975,-0.144682,-0.169534,-0.199443,-0.122416,-0.144562,-0.225521,-0.225175,-0.0551845
"106",NA,"Main_RecrDev_1988",-0.103927,-0.0967089,-0.109448,0.00777282,-0.129792,-0.128659,-0.108376,-0.105448,-0.229706,-0.262853,0.0287727,-0.0841904,-0.223508,-0.215528,-0.0249974
"107",NA,"Main_RecrDev_1989",0.153584,0.159531,0.148189,0.260444,0.128542,0.130968,0.149519,0.152035,0.0526816,0.0187578,0.285016,0.191711,0.0126127,0.0301791,0.13938
"108",NA,"Main_RecrDev_1990",0.0928108,0.0976328,0.0874537,0.19517,0.0683638,0.0729918,0.0891102,0.091254,0.0661727,0.0320469,0.136025,0.141012,-0.0579146,-0.0281813,0.127968
"109",NA,"Main_RecrDev_1991",0.214021,0.21783,0.208677,0.311408,0.190293,0.195708,0.210707,0.212459,0.183892,0.150036,0.2587,0.263575,0.0686136,0.10857,0.248786
"110",NA,"Main_RecrDev_1992",0.120145,0.122896,0.114864,0.210858,0.0975833,0.104077,0.117297,0.118626,0.0919303,0.0604704,0.163355,0.17161,-0.00891358,0.0413975,0.128203
"111",NA,"Main_RecrDev_1993",0.109329,0.111579,0.104131,0.193286,0.0883631,0.0964816,0.106885,0.107894,0.0752475,0.0487949,0.152264,0.159195,0.0175654,0.0569237,0.0589133
"112",NA,"Main_RecrDev_1994",0.403252,0.405252,0.39821,0.47955,0.384618,0.394437,0.40122,0.40196,0.375668,0.356701,0.432487,0.438723,0.362539,0.381527,0.282023
"113",NA,"Main_RecrDev_1995",0.338053,0.339895,0.333197,0.406411,0.32277,0.334186,0.336425,0.336937,0.326658,0.317201,0.347975,0.359052,0.349123,0.346069,0.189424
"114",NA,"Main_RecrDev_1996",0.0537867,0.0550429,0.0490536,0.11416,0.0437687,0.0544872,0.0525824,0.0527902,0.0687183,0.0655209,0.0346175,0.0678191,0.0702621,0.0583065,-0.0737133
"115",NA,"Main_RecrDev_1997",0.0168881,0.017014,0.0121444,0.0671567,0.0149792,0.019885,0.0161328,0.0158892,0.0487618,0.0495761,-0.0329774,0.0297995,-0.00644318,-0.0250484,-0.180644
"116",NA,"Main_RecrDev_1998",-0.298179,-0.299001,-0.3028,-0.260529,-0.292827,-0.290303,-0.298638,-0.299164,-0.277055,-0.280052,-0.340953,-0.290531,-0.301218,-0.325336,-0.226604
"117",NA,"Main_RecrDev_1999",0.505156,0.503654,0.49793,0.5268,0.515856,0.510288,0.505189,0.504273,0.563064,0.572826,0.438145,0.51512,0.769687,0.73141,0.212171
"118",NA,"Main_RecrDev_2000",0.827342,0.824723,0.826145,0.823026,0.844837,0.830902,0.827149,0.826327,0.862227,0.871209,0.808175,0.848016,0.765255,0.746517,0.42384
"119",NA,"Main_RecrDev_2001",0.152747,0.150218,0.172214,0.130651,0.170162,0.150359,0.151684,0.151688,0.265742,0.275271,0.100744,0.185218,0.186533,0.164152,0.0734644
"120",NA,"Main_RecrDev_2002",-0.520008,-0.520122,-0.51635,-0.524532,-0.510416,-0.490341,-0.521388,-0.520335,-0.653617,-0.621796,-0.433971,-0.51433,-0.38249,-0.381453,-0.16906
"121",NA,"Main_RecrDev_2003",0.24053,0.236627,0.25981,0.18668,0.263544,0.229494,0.239129,0.239314,0.348446,0.357723,0.188233,0.276486,0.297098,0.257175,-0.141296
"122",NA,"Main_RecrDev_2004",-1.32913,-1.32809,-1.32365,-1.33181,-1.32435,-1.27247,-1.33211,-1.32914,-2.36989,-2.00077,-0.962981,-1.35117,-1.27745,-1.26872,-0.236472
"123",NA,"Main_RecrDev_2005",0.411669,0.408494,0.435695,0.347725,0.436313,0.410305,0.40929,0.410814,0.461384,0.328428,0.392399,0.435531,0.299996,0.236163,-0.030475
"124",NA,"Main_RecrDev_2006",0.323433,0.320568,0.335436,0.253157,0.345266,0.322056,0.321214,0.322388,0.377121,0.349059,0.246631,0.345136,0.0124905,-0.0330981,0.2887
"125",NA,"Main_RecrDev_2007",-0.497282,-0.498739,-0.504607,-0.551719,-0.484062,-0.479173,-0.49892,-0.497718,-0.576274,-0.526331,-0.352334,-0.490911,-0.127828,-0.161654,0.132829
"126",NA,"Main_RecrDev_2008",1.01149,1.00708,1.01573,0.914971,1.03311,1.00705,1.01433,1.01045,1.06819,1.04278,0.97767,1.03371,1.01258,0.977563,0.713819
"127",NA,"Main_RecrDev_2009",-0.354323,-0.35772,-0.352554,-0.443001,-0.338994,-0.34321,-0.347116,-0.355197,-0.327079,-0.336422,-0.308456,-0.343974,-0.445049,-0.451078,0.343116
"128",NA,"Main_RecrDev_2010",0.493506,0.487391,0.497098,0.369127,0.517825,0.492151,0.501553,0.492438,0.569303,0.556316,0.475605,0.513702,0.502008,0.484052,0.368382
"129",NA,"Main_RecrDev_2011",0.372899,0.365464,0.376351,0.230731,0.39941,0.374404,0.382334,0.371453,0.452087,0.440855,0.35292,0.390931,0.339055,0.329263,0.327042
"130",NA,"Main_RecrDev_2012",0.136254,0.127191,0.139844,-0.0275913,0.165833,0.139484,0.14606,0.136177,0.237345,0.230858,0.0922997,0.153119,0.142589,0.132846,0.171084
"131",NA,"Main_RecrDev_2013",0.471156,0.460011,0.47521,0.280244,0.503949,0.475605,0.481111,0.465895,0.566051,0.568823,0.456429,0.48717,0.505363,0.488191,0.319641
"132",NA,"Main_RecrDev_2014",0.347549,0.334182,0.352323,0.129076,0.383035,0.355052,0.357596,0.347768,0.448017,0.458351,0.323909,0.360532,0.422236,0.390539,0.184933
"133",NA,"Main_RecrDev_2015",-0.45495,-0.470259,-0.449511,-0.690945,-0.418081,-0.439278,-0.44472,-0.46642,-0.346496,-0.331038,-0.505922,-0.448176,-0.336451,-0.374616,-0.44298
"134",NA,"Main_RecrDev_2016",0.419777,0.401727,0.426098,0.161149,0.460373,0.435474,0.430989,0.424966,0.537745,0.568832,0.382935,0.426131,0.601699,0.535247,0.132478
"135",NA,"Main_RecrDev_2017",-0.992884,-1.01001,-0.988238,-1.19701,-0.962854,-0.953673,-0.984233,-0.943427,-0.96753,-0.917986,-0.92178,-1.00471,-0.749404,-0.792089,-1.08292
"136",NA,"Late_RecrDev_2018",0,0,0,0,0,0,0,0,0,0,0,0,0,0,0
"137",NA,"Late_RecrDev_2019",0,0,0,0,0,0,0,0,0,0,0,0,0,0,0
"138",NA,"Late_RecrDev_2020",0,0,0,0,0,0,0,0,0,0,0,0,0,0,0
"139",NA,"Late_RecrDev_2021",0,0,0,0,0,0,0,0,0,0,0,0,0,0,0
"140",NA,"Late_RecrDev_2022",0,0,0,0,0,0,0,0,0,0,0,0,0,0,0
"141",NA,"ForeRecr_2023",0,0,0,0,0,0,0,0,0,0,0,0,0,0,0
"142",NA,"ForeRecr_2024",0,0,0,0,0,0,0,0,0,0,0,0,0,0,0
"143",NA,"ForeRecr_2025",0,0,0,0,0,0,0,0,0,0,0,0,0,0,0
"144",NA,"ForeRecr_2026",0,0,0,0,0,0,0,0,0,0,0,0,0,0,0
"145",NA,"ForeRecr_2027",0,0,0,0,0,0,0,0,0,0,0,0,0,0,0
"146",NA,"ForeRecr_2028",0,0,0,0,0,0,0,0,0,0,0,0,0,0,0
"147",NA,"ForeRecr_2029",0,0,0,0,0,0,0,0,0,0,0,0,0,0,0
"148",NA,"ForeRecr_2030",0,0,0,0,0,0,0,0,0,0,0,0,0,0,0
"149",NA,"ForeRecr_2031",0,0,0,0,0,0,0,0,0,0,0,0,0,0,0
"150",NA,"ForeRecr_2032",0,0,0,0,0,0,0,0,0,0,0,0,0,0,0
"151",NA,"ForeRecr_2033",0,0,0,0,0,0,0,0,0,0,0,0,0,0,0
"152",NA,"ForeRecr_2034",0,0,0,0,0,0,0,0,0,0,0,0,0,0,0
"153",NA,"InitF_seas_1_flt_1Trawl_wdis",1e-20,1e-20,1e-20,1e-20,1e-20,1e-20,1e-20,1e-20,1e-20,1e-20,1e-20,1e-20,1e-20,1e-20,1e-20
"154",NA,"InitF_seas_1_flt_2Non-Trawl_wdis",1e-20,1e-20,1e-20,1e-20,1e-20,1e-20,1e-20,1e-20,1e-20,1e-20,1e-20,1e-20,1e-20,1e-20,1e-20
"155",NA,"InitF_seas_1_flt_3Ocean",1e-20,1e-20,1e-20,1e-20,1e-20,1e-20,1e-20,1e-20,1e-20,1e-20,1e-20,1e-20,1e-20,1e-20,1e-20
"156",NA,"InitF_seas_1_flt_4Shore",1e-20,1e-20,1e-20,1e-20,1e-20,1e-20,1e-20,1e-20,1e-20,1e-20,1e-20,1e-20,1e-20,1e-20,1e-20
"157",NA,"LnQ_base_Non-Trawl_wdis(2)",-5.59418,-5.56882,-5.60402,NA,-5.63426,-5.58935,-5.60253,-5.59334,-5.94079,-5.95397,-5.51026,-5.59743,-5.351,-5.96978,-5.42654
"158",NA,"Q_extraSD_Non-Trawl_wdis(2)",0.0293441,0.0318627,0.0265908,NA,0.0229345,0.0269606,0.028108,0.0293207,0.0265363,0.0289913,0.0318036,0.033527,0.0289886,0.0376122,0.0374161
"159",NA,"LnQ_base_Ocean(3)",-9.05524,-9.03134,-9.06341,-8.91095,NA,-9.04828,-9.06281,-9.05444,-9.39844,-9.41076,-8.97575,-9.06127,-8.8058,-9.42804,-8.90096
"160",NA,"Q_extraSD_Ocean(3)",0.213787,0.208575,0.219747,0.137368,NA,0.219996,0.2172,0.213661,0.242568,0.243518,0.202899,0.205208,0.229453,0.21828,0.202856
"161",NA,"LnQ_base_MPA(5)",-7.13018,-7.10205,-7.14463,-6.90644,-7.18169,-7.12752,NA,-7.12933,-7.49188,-7.49862,-7.04495,-7.12871,-6.86786,-7.48109,-6.98833
"162",NA,"Q_extraSD_MPA(5)",0.147755,0.144616,0.147673,0.0936163,0.1561,0.149751,NA,0.147613,0.171451,0.176026,0.140554,0.146433,0.161825,0.168046,0.144789
"163",NA,"LnQ_base_Acoustic_Visual(6)",0,NA,0,0,0,0,NA,0,0,0,0,0,0,0,0
"164",NA,"Q_extraSD_Acoustic_Visual(6)",0,NA,0,0,0,0,NA,0,0,0,0,0,0,0,0
"165",NA,"LnQ_base_Tag(7)",-0.920061,NA,NA,-0.84132,-0.945857,-0.9145,NA,-0.919449,-1.20894,-1.22411,-0.848302,-0.927889,-0.728012,-1.33878,-0.738732
"166",NA,"Q_extraSD_Tag(7)",0.095133,NA,NA,0.0757794,0.101403,0.0965413,NA,0.0951322,0.0976019,0.0939257,0.0977751,0.0912228,0.0816923,0.074086,0.103711
"167",NA,"LnQ_base_MRFSS(8)",-7.62139,NA,NA,-7.56372,-7.63073,NA,NA,-7.62189,-7.86075,-7.87835,-7.56961,-7.66433,-7.45339,-7.85516,-7.63296
"168",NA,"Q_extraSD_MRFSS(8)",0.335135,NA,NA,0.283618,0.347824,NA,NA,0.335912,0.301425,0.314642,0.337082,0.322016,0.431002,0.294191,0.316051
"169",NA,"Size_DblN_peak_Trawl_wdis(1)",53.2314,53.2314,53.2314,53.2314,53.2314,53.2314,53.2314,53.2314,53.2314,53.2314,53.2314,53.2314,53.2314,53.2314,53.2314
"170",NA,"Size_DblN_top_logit_Trawl_wdis(1)",0.770372,0.770372,0.770372,0.770372,0.770372,0.770372,0.770372,0.770372,0.770372,0.770372,0.770372,0.770372,0.770372,0.770372,0.770372
"171",NA,"Size_DblN_ascend_se_Trawl_wdis(1)",3.58539,3.58539,3.58539,3.58539,3.58539,3.58539,3.58539,3.58539,3.58539,3.58539,3.58539,3.58539,3.58539,3.58539,3.58539
"172",NA,"Size_DblN_descend_se_Trawl_wdis(1)",-9.21034,-9.21034,-9.21034,-9.21034,-9.21034,-9.21034,-9.21034,-9.21034,-9.21034,-9.21034,-9.21034,-9.21034,-9.21034,-9.21034,-9.21034
"173",NA,"Size_DblN_start_logit_Trawl_wdis(1)",-10,-10,-10,-10,-10,-10,-10,-10,-10,-10,-10,-10,-10,-10,-10
"174",NA,"Size_DblN_end_logit_Trawl_wdis(1)",11.513,11.513,11.513,11.513,11.513,11.513,11.513,11.513,11.513,11.513,11.513,11.513,11.513,11.513,11.513
"175",NA,"Size_DblN_peak_Non-Trawl_wdis(2)",43.1162,43.1162,43.1162,43.1162,43.1162,43.1162,43.1162,43.1162,43.1162,43.1162,43.1162,43.1162,43.1162,43.1162,43.1162
"176",NA,"Size_DblN_top_logit_Non-Trawl_wdis(2)",-12,-12,-12,-12,-12,-12,-12,-12,-12,-12,-12,-12,-12,-12,-12
"177",NA,"Size_DblN_ascend_se_Non-Trawl_wdis(2)",4,4,4,4,4,4,4,4,4,4,4,4,4,4,4
"178",NA,"Size_DblN_descend_se_Non-Trawl_wdis(2)",1.7632,1.7632,1.7632,1.7632,1.7632,1.7632,1.7632,1.7632,1.7632,1.7632,1.7632,1.7632,1.7632,1.7632,1.7632
"179",NA,"Size_DblN_start_logit_Non-Trawl_wdis(2)",-15,-15,-15,-15,-15,-15,-15,-15,-15,-15,-15,-15,-15,-15,-15
"180",NA,"Size_DblN_end_logit_Non-Trawl_wdis(2)",-1.10106,-1.10106,-1.10106,-1.10106,-1.10106,-1.10106,-1.10106,-1.10106,-1.10106,-1.10106,-1.10106,-1.10106,-1.10106,-1.10106,-1.10106
"181",NA,"Size_DblN_peak_Ocean(3)",42.2317,42.2317,42.2317,42.2317,42.2317,42.2317,42.2317,42.2317,42.2317,42.2317,42.2317,42.2317,42.2317,42.2317,42.2317
"182",NA,"Size_DblN_top_logit_Ocean(3)",-12,-12,-12,-12,-12,-12,-12,-12,-12,-12,-12,-12,-12,-12,-12
"183",NA,"Size_DblN_ascend_se_Ocean(3)",4,4,4,4,4,4,4,4,4,4,4,4,4,4,4
"184",NA,"Size_DblN_descend_se_Ocean(3)",2.6208,2.6208,2.6208,2.6208,2.6208,2.6208,2.6208,2.6208,2.6208,2.6208,2.6208,2.6208,2.6208,2.6208,2.6208
"185",NA,"Size_DblN_start_logit_Ocean(3)",-15,-15,-15,-15,-15,-15,-15,-15,-15,-15,-15,-15,-15,-15,-15
"186",NA,"Size_DblN_end_logit_Ocean(3)",-0.555125,-0.555125,-0.555125,-0.555125,-0.555125,-0.555125,-0.555125,-0.555125,-0.555125,-0.555125,-0.555125,-0.555125,-0.555125,-0.555125,-0.555125
"187",NA,"Size_DblN_peak_Shore(4)",22.3713,22.3713,22.3713,22.3713,22.3713,22.3713,22.3713,22.3713,22.3713,22.3713,22.3713,22.3713,22.3713,22.3713,22.3713
"188",NA,"Size_DblN_top_logit_Shore(4)",4,4,4,4,4,4,4,4,4,4,4,4,4,4,4
"189",NA,"Size_DblN_ascend_se_Shore(4)",3,3,3,3,3,3,3,3,3,3,3,3,3,3,3
"190",NA,"Size_DblN_descend_se_Shore(4)",0.000287824,0.000287824,0.000287824,0.000287824,0.000287824,0.000287824,0.000287824,0.000287824,0.000287824,0.000287824,0.000287824,0.000287824,0.000287824,0.000287824,0.000287824
"191",NA,"Size_DblN_start_logit_Shore(4)",-15,-15,-15,-15,-15,-15,-15,-15,-15,-15,-15,-15,-15,-15,-15
"192",NA,"Size_DblN_end_logit_Shore(4)",4.34183,4.34183,4.34183,4.34183,4.34183,4.34183,4.34183,4.34183,4.34183,4.34183,4.34183,4.34183,4.34183,4.34183,4.34183
"193",NA,"Size_DblN_peak_MPA(5)",43.8639,43.8639,43.8639,43.8639,43.8639,43.8639,NA,43.8639,43.8639,43.8639,43.8639,43.8639,43.8639,43.8639,43.8639
"194",NA,"Size_DblN_top_logit_MPA(5)",-12,-12,-12,-12,-12,-12,NA,-12,-12,-12,-12,-12,-12,-12,-12
"195",NA,"Size_DblN_ascend_se_MPA(5)",4,4,4,4,4,4,NA,4,4,4,4,4,4,4,4
"196",NA,"Size_DblN_descend_se_MPA(5)",0.417662,0.417662,0.417662,0.417662,0.417662,0.417662,NA,0.417662,0.417662,0.417662,0.417662,0.417662,0.417662,0.417662,0.417662
"197",NA,"Size_DblN_start_logit_MPA(5)",-15,-15,-15,-15,-15,-15,NA,-15,-15,-15,-15,-15,-15,-15,-15
"198",NA,"Size_DblN_end_logit_MPA(5)",-0.90999,-0.90999,-0.90999,-0.90999,-0.90999,-0.90999,NA,-0.90999,-0.90999,-0.90999,-0.90999,-0.90999,-0.90999,-0.90999,-0.90999
"199",NA,"Size_DblN_peak_Acoustic_Visual(6)",25,NA,25,25,25,25,NA,25,25,25,25,25,25,25,25
"200",NA,"Size_DblN_top_logit_Acoustic_Visual(6)",3.26947,NA,3.26947,3.26947,3.26947,3.26947,NA,3.26947,3.26947,3.26947,3.26947,3.26947,3.26947,3.26947,3.26947
"201",NA,"Size_DblN_ascend_se_Acoustic_Visual(6)",3.58539,NA,3.58539,3.58539,3.58539,3.58539,NA,3.58539,3.58539,3.58539,3.58539,3.58539,3.58539,3.58539,3.58539
"202",NA,"Size_DblN_descend_se_Acoustic_Visual(6)",-9.21034,NA,-9.21034,-9.21034,-9.21034,-9.21034,NA,-9.21034,-9.21034,-9.21034,-9.21034,-9.21034,-9.21034,-9.21034,-9.21034
"203",NA,"Size_DblN_start_logit_Acoustic_Visual(6)",-15,NA,-15,-15,-15,-15,NA,-15,-15,-15,-15,-15,-15,-15,-15
"204",NA,"Size_DblN_end_logit_Acoustic_Visual(6)",11.513,NA,11.513,11.513,11.513,11.513,NA,11.513,11.513,11.513,11.513,11.513,11.513,11.513,11.513
"205",NA,"Size_inflection_Tag(7)",32,NA,NA,32,32,32,NA,32,32,32,32,32,32,32,32
"206",NA,"Size_95%width_Tag(7)",1e-06,NA,NA,1e-06,1e-06,1e-06,NA,1e-06,1e-06,1e-06,1e-06,1e-06,1e-06,1e-06,1e-06
"207",NA,"SizeSel_P1_MRFSS(8)",-1,NA,NA,-1,-1,NA,NA,-1,-1,-1,-1,-1,-1,-1,-1
"208",NA,"SizeSel_P2_MRFSS(8)",-1,NA,NA,-1,-1,NA,NA,-1,-1,-1,-1,-1,-1,-1,-1
"209",NA,"LnQ_base_Tag(6)",NA,-0.901281,NA,NA,NA,NA,-0.924161,NA,NA,NA,NA,NA,NA,NA,NA
"210",NA,"Q_extraSD_Tag(6)",NA,0.0939334,NA,NA,NA,NA,0.0951038,NA,NA,NA,NA,NA,NA,NA,NA
"211",NA,"LnQ_base_MRFSS(7)",NA,-7.60861,-7.62359,NA,NA,NA,-7.62523,NA,NA,NA,NA,NA,NA,NA,NA
"212",NA,"Q_extraSD_MRFSS(7)",NA,0.333836,0.337879,NA,NA,NA,0.336789,NA,NA,NA,NA,NA,NA,NA,NA
"213",NA,"Size_inflection_Tag(6)",NA,32,NA,NA,NA,NA,32,NA,NA,NA,NA,NA,NA,NA,NA
"214",NA,"Size_95%width_Tag(6)",NA,1e-06,NA,NA,NA,NA,1e-06,NA,NA,NA,NA,NA,NA,NA,NA
"215",NA,"SizeSel_P1_MRFSS(7)",NA,-1,-1,NA,NA,NA,-1,NA,NA,NA,NA,NA,NA,NA,NA
"216",NA,"SizeSel_P2_MRFSS(7)",NA,-1,-1,NA,NA,NA,-1,NA,NA,NA,NA,NA,NA,NA,NA
"217",NA,"LnQ_base_Acoustic_Visual(5)",NA,NA,NA,NA,NA,NA,0,NA,NA,NA,NA,NA,NA,NA,NA
"218",NA,"Q_extraSD_Acoustic_Visual(5)",NA,NA,NA,NA,NA,NA,0,NA,NA,NA,NA,NA,NA,NA,NA
"219",NA,"Size_DblN_peak_Acoustic_Visual(5)",NA,NA,NA,NA,NA,NA,25,NA,NA,NA,NA,NA,NA,NA,NA
"220",NA,"Size_DblN_top_logit_Acoustic_Visual(5)",NA,NA,NA,NA,NA,NA,3.26947,NA,NA,NA,NA,NA,NA,NA,NA
"221",NA,"Size_DblN_ascend_se_Acoustic_Visual(5)",NA,NA,NA,NA,NA,NA,3.58539,NA,NA,NA,NA,NA,NA,NA,NA
"222",NA,"Size_DblN_descend_se_Acoustic_Visual(5)",NA,NA,NA,NA,NA,NA,-9.21034,NA,NA,NA,NA,NA,NA,NA,NA
"223",NA,"Size_DblN_start_logit_Acoustic_Visual(5)",NA,NA,NA,NA,NA,NA,-15,NA,NA,NA,NA,NA,NA,NA,NA
"224",NA,"Size_DblN_end_logit_Acoustic_Visual(5)",NA,NA,NA,NA,NA,NA,11.513,NA,NA,NA,NA,NA,NA,NA,NA
"225",NA,"LnQ_base_SMURF(9)",NA,NA,NA,NA,NA,NA,NA,-9.52989,NA,NA,NA,NA,NA,NA,NA
"226",NA,"Q_extraSD_SMURF(9)",NA,NA,NA,NA,NA,NA,NA,2.36172e-07,NA,NA,NA,NA,NA,NA,NA
"227",NA,"ln(DM_theta)_Len_P1",NA,NA,NA,NA,NA,NA,NA,NA,NA,0.000465693,NA,NA,NA,NA,NA
"228",NA,"ln(DM_theta)_Len_P2",NA,NA,NA,NA,NA,NA,NA,NA,NA,0.000453236,NA,NA,NA,NA,NA
"229",NA,"ln(DM_theta)_Len_P3",NA,NA,NA,NA,NA,NA,NA,NA,NA,0.000515335,NA,NA,NA,NA,NA
"230",NA,"ln(DM_theta)_Len_P4",NA,NA,NA,NA,NA,NA,NA,NA,NA,0.000508072,NA,NA,NA,NA,NA
"231",NA,"ln(DM_theta)_Len_P5",NA,NA,NA,NA,NA,NA,NA,NA,NA,0.000498882,NA,NA,NA,NA,NA
"232",NA,"ln(DM_theta)_Age_P6",NA,NA,NA,NA,NA,NA,NA,NA,NA,7.06323,NA,NA,NA,NA,NA
"233",NA,"ln(DM_theta)_Age_P7",NA,NA,NA,NA,NA,NA,NA,NA,NA,7.90619,NA,NA,NA,NA,NA
"234",NA,"ln(DM_theta)_Age_P8",NA,NA,NA,NA,NA,NA,NA,NA,NA,3.63706,NA,NA,NA,NA,NA
"235","Derived quantities",NA,NA,NA,NA,NA,NA,NA,NA,NA,NA,NA,NA,NA,NA,NA,NA
"236",NA,"SB0",1445.09,1427.88,1450.68,1332.05,1469.37,1447.11,1451.24,1446.37,1941.56,1987.28,1343.76,1406.98,1339.52,1614.51,1463.29
"237",NA,"SSB_2023",617.269,590.071,629.04,390.821,671.937,618.722,629.988,616.524,1171.1,1197.62,520.559,613.106,471.876,995.36,497.399
"238",NA,"Bratio_2023",0.42715,0.413249,0.433618,0.293398,0.457296,0.427556,0.434103,0.426255,0.603178,0.60264,0.387389,0.435761,0.352273,0.61651,0.339918
"239",NA,"MSY_SPR",406.666,402.322,408.198,374.499,413.574,408.097,408.368,407.039,468.734,478.82,396.838,395.639,381.373,547.493,405.582
"240",NA,"F_SPR",0.0652751,0.0652602,0.0652736,0.0653518,0.0652567,0.0652274,0.0652731,0.0652726,0.065029,0.0648991,0.0655534,0.0653012,0.0640495,0.0667291,0.0660867
