"Year","Age0","Age1","Age2","Age3","Age4","Age5","Age6","Age7","Age8","Age9","Age10","Age11","Age12","Age13","Age14","Age15","Age16","Age17","Age18","Age19","Age20","Age21","Age22","Age23","Age24","Age25","Age26","Age27","Age28","Age29","Age30","Age31","Age32","Age33","Age34","Age35","Age36","Age37","Age38","Age39","Age40"
1892,4.51936,19.8531,92.6558,191.578,284.895,355.17,397.416,413.889,409.941,391.518,363.93,331.408,297.057,263.01,230.628,200.694,173.589,149.42,128.118,109.512,93.3745,79.4542,67.4991,57.2674,48.535,41.0987,34.7775,29.4119,24.8628,21.0094,17.7479,14.9891,12.6566,10.6853,9.01992,7.61327,6.42543,5.42255,4.57593,3.86132,20.8546
1893,4.51934,19.8532,92.6558,191.576,284.889,355.161,397.403,413.873,409.922,391.496,363.909,331.388,297.039,262.994,230.614,200.682,173.579,149.411,128.111,109.506,93.3692,79.4497,67.4953,57.2642,48.5323,41.0964,34.7756,29.4103,24.8614,21.0083,17.7469,14.9883,12.6559,10.6847,9.01942,7.61285,6.42508,5.42225,4.57568,3.86111,20.8535
1894,4.51932,19.8531,92.6564,191.576,284.885,355.152,397.392,413.859,409.905,391.478,363.889,331.368,297.021,262.978,230.6,200.67,173.568,149.402,128.104,109.5,93.3638,79.4451,67.4915,57.261,48.5296,41.0941,34.7737,29.4087,24.86,21.0071,17.746,14.9874,12.6552,10.6841,9.01892,7.61243,6.42472,5.42195,4.57543,3.86089,20.8523
1895,4.51929,19.853,92.656,191.577,284.885,355.148,397.383,413.849,409.892,391.462,363.872,331.35,297.004,262.963,230.586,200.658,173.558,149.393,128.096,109.493,93.3584,79.4406,67.4876,57.2577,48.5268,41.0918,34.7717,29.407,24.8586,21.0059,17.745,14.9866,12.6545,10.6836,9.01842,7.61201,6.42437,5.42165,4.57517,3.86068,20.8512
1896,4.51929,19.8529,92.6555,191.578,284.892,355.155,397.387,413.851,409.896,391.466,363.873,331.35,297.001,262.959,230.582,200.654,173.555,149.391,128.094,109.492,93.357,79.4394,67.4866,57.2569,48.5262,41.0913,34.7712,29.4066,24.8583,21.0056,17.7447,14.9864,12.6543,10.6834,9.0183,7.61191,6.42428,5.42158,4.57511,3.86063,20.8509
1897,4.51929,19.8529,92.6551,191.577,284.894,355.165,397.397,413.858,409.902,391.473,363.88,331.354,297.003,262.96,230.582,200.653,173.554,149.39,128.093,109.491,93.3564,79.4389,67.4863,57.2566,48.5259,41.0911,34.7711,29.4065,24.8582,21.0055,17.7447,14.9863,12.6543,10.6834,9.01826,7.61187,6.42426,5.42155,4.57509,3.86061,20.8508
1898,4.51929,19.8529,92.655,191.576,284.894,355.168,397.409,413.869,409.909,391.479,363.887,331.361,297.008,262.962,230.582,200.653,173.553,149.389,128.092,109.49,93.3558,79.4385,67.4859,57.2563,48.5256,41.0908,34.7709,29.4063,24.8581,21.0054,17.7446,14.9863,12.6542,10.6833,9.01822,7.61184,6.42423,5.42153,4.57507,3.8606,20.8507
1899,4.5193,19.8529,92.655,191.576,284.892,355.168,397.413,413.881,409.92,391.486,363.893,331.368,297.014,262.966,230.584,200.654,173.553,149.389,128.092,109.49,93.3554,79.4381,67.4856,57.2561,48.5255,41.0907,34.7708,29.4063,24.858,21.0054,17.7445,14.9862,12.6542,10.6833,9.0182,7.61182,6.42421,5.42152,4.57506,3.86059,20.8506
1900,4.5193,19.853,92.655,191.576,284.892,355.166,397.412,413.885,409.932,391.496,363.899,331.372,297.02,262.971,230.588,200.655,173.554,149.388,128.091,109.489,93.3548,79.4376,67.4852,57.2557,48.5252,41.0905,34.7706,29.4061,24.8579,21.0053,17.7444,14.9861,12.6541,10.6832,9.01816,7.61179,6.42418,5.42149,4.57504,3.86057,20.8506
1901,4.5193,19.853,92.6551,191.576,284.892,355.165,397.41,413.884,409.935,391.507,363.908,331.378,297.024,262.976,230.592,200.658,173.555,149.389,128.091,109.489,93.3543,79.4371,67.4847,57.2553,48.5249,41.0902,34.7704,29.4059,24.8577,21.0052,17.7444,14.9861,12.654,10.6832,9.01812,7.61175,6.42415,5.42147,4.57502,3.86055,20.8505
1902,4.51931,19.853,92.6552,191.576,284.892,355.165,397.409,413.881,409.934,391.51,363.918,331.385,297.028,262.979,230.596,200.661,173.557,149.389,128.091,109.488,93.3536,79.4364,67.4841,57.2548,48.5244,41.0899,34.7701,29.4057,24.8575,21.005,17.7442,14.986,12.654,10.6831,9.01805,7.6117,6.42411,5.42143,4.57499,3.86053,20.8503
1903,4.51931,19.853,92.6553,191.577,284.892,355.165,397.408,413.88,409.931,391.508,363.92,331.394,297.035,262.983,230.598,200.665,173.56,149.391,128.091,109.488,93.3531,79.4358,67.4836,57.2543,48.524,41.0895,34.7698,29.4055,24.8573,21.0049,17.7441,14.9859,12.6539,10.683,9.01799,7.61165,6.42407,5.42139,4.57496,3.8605,20.8502
1904,4.51931,19.853,92.6553,191.577,284.892,355.164,397.407,413.879,409.929,391.504,363.918,331.395,297.042,262.988,230.601,200.667,173.562,149.393,128.093,109.488,93.3528,79.4353,67.4829,57.2537,48.5235,41.0891,34.7694,29.4051,24.8571,21.0046,17.7439,14.9857,12.6537,10.6829,9.01791,7.61158,6.42401,5.42134,4.57492,3.86047,20.85
1905,4.51931,19.853,92.6554,191.577,284.892,355.164,397.406,413.877,409.927,391.502,363.914,331.392,297.042,262.994,230.605,200.668,173.563,149.395,128.094,109.489,93.3529,79.4349,67.4823,57.2531,48.5229,41.0885,34.769,29.4048,24.8568,21.0044,17.7437,14.9855,12.6536,10.6828,9.0178,7.61149,6.42393,5.42128,4.57487,3.86042,20.8498
1906,4.51931,19.853,92.6554,191.577,284.892,355.164,397.406,413.876,409.926,391.5,363.911,331.388,297.039,262.994,230.61,200.672,173.565,149.396,128.096,109.49,93.3536,79.4349,67.4819,57.2525,48.5223,41.088,34.7685,29.4044,24.8564,21.0041,17.7435,14.9853,12.6534,10.6827,9.0177,7.6114,6.42386,5.42122,4.57482,3.86038,20.8495
1907,4.51931,19.853,92.6554,191.577,284.892,355.164,397.405,413.875,409.924,391.498,363.909,331.385,297.035,262.991,230.61,200.676,173.568,149.397,128.096,109.492,93.3545,79.4353,67.4818,57.2521,48.5217,41.0874,34.768,29.4039,24.856,21.0038,17.7432,14.9851,12.6533,10.6825,9.01757,7.61129,6.42377,5.42115,4.57475,3.86033,20.8493
1908,4.51931,19.853,92.6554,191.577,284.892,355.163,397.405,413.874,409.923,391.496,363.907,331.383,297.033,262.988,230.607,200.676,173.571,149.399,128.097,109.492,93.3554,79.4361,67.4821,57.252,48.5214,41.087,34.7675,29.4035,24.8557,21.0035,17.7429,14.9849,12.6531,10.6824,9.01744,7.61119,6.42368,5.42107,4.57469,3.86027,20.849
1909,4.51931,19.853,92.6554,191.577,284.891,355.163,397.404,413.873,409.921,391.494,363.904,331.38,297.03,262.984,230.604,200.673,173.57,149.402,128.099,109.493,93.3556,79.4366,67.4826,57.2521,48.5212,41.0865,34.767,29.403,24.8552,21.0031,17.7426,14.9846,12.6528,10.6822,9.01729,7.61106,6.42358,5.42098,4.57462,3.86021,20.8487
1910,4.51931,19.853,92.6554,191.577,284.891,355.162,397.403,413.872,409.919,391.492,363.902,331.377,297.027,262.981,230.6,200.669,173.568,149.401,128.101,109.494,93.3558,79.4366,67.483,57.2524,48.5212,41.0863,34.7666,29.4025,24.8548,21.0027,17.7423,14.9843,12.6526,10.682,9.01711,7.61091,6.42345,5.42088,4.57453,3.86014,20.8483
1911,4.5193,19.853,92.6554,191.576,284.891,355.162,397.403,413.871,409.918,391.49,363.899,331.375,297.024,262.978,230.597,200.666,173.564,149.399,128.1,109.495,93.3568,79.4368,67.483,57.2527,48.5214,41.0863,34.7664,29.4022,24.8544,21.0023,17.7419,14.984,12.6523,10.6818,9.01694,7.61077,6.42333,5.42078,4.57445,3.86007,20.8479
1912,4.5193,19.853,92.6553,191.576,284.89,355.161,397.401,413.87,409.916,391.488,363.897,331.372,297.021,262.976,230.595,200.663,173.562,149.396,128.098,109.494,93.3579,79.4375,67.483,57.2526,48.5216,41.0864,34.7663,29.4019,24.854,21.0019,17.7415,14.9837,12.6521,10.6815,9.01674,7.6106,6.42319,5.42067,4.57435,3.85999,20.8475
1913,4.51929,19.853,92.6552,191.576,284.89,355.16,397.4,413.868,409.914,391.485,363.894,331.369,297.018,262.972,230.591,200.66,173.559,149.393,128.095,109.492,93.357,79.4383,67.4834,57.2525,48.5213,41.0864,34.7663,29.4018,24.8537,21.0016,17.7412,14.9834,12.6518,10.6813,9.01652,7.61042,6.42304,5.42054,4.57424,3.8599,20.847
1914,4.51929,19.8529,92.6552,191.576,284.89,355.16,397.399,413.867,409.912,391.483,363.892,331.367,297.015,262.969,230.589,200.658,173.556,149.39,128.092,109.49,93.355,79.4375,67.4841,57.2528,48.5213,41.0863,34.7664,29.4018,24.8536,21.0013,17.7409,14.9831,12.6515,10.681,9.0163,7.61023,6.42288,5.42041,4.57414,3.85981,20.8465
1915,4.51929,19.8529,92.6551,191.576,284.889,355.159,397.398,413.865,409.91,391.481,363.889,331.364,297.012,262.966,230.585,200.655,173.553,149.388,128.09,109.487,93.3526,79.4356,67.4832,57.2533,48.5214,41.0861,34.7661,29.4018,24.8536,21.0012,17.7407,14.9828,12.6512,10.6808,9.01606,7.61003,6.42271,5.42026,4.57402,3.85971,20.846
1916,4.51928,19.8529,92.655,191.575,284.889,355.158,397.397,413.864,409.909,391.479,363.887,331.361,297.01,262.964,230.583,200.652,173.551,149.385,128.087,109.485,93.3507,79.4336,67.4816,57.2525,48.5218,41.0862,34.766,29.4016,24.8536,21.0012,17.7406,14.9826,12.6509,10.6805,9.01584,7.60983,6.42254,5.42012,4.57389,3.85961,20.8455
1917,4.51928,19.8529,92.6549,191.575,284.888,355.157,397.396,413.862,409.907,391.476,363.884,331.358,297.007,262.961,230.58,200.649,173.548,149.383,128.085,109.483,93.3487,79.4317,67.4798,57.2511,48.5211,41.0865,34.766,29.4014,24.8533,21.0011,17.7405,14.9825,12.6508,10.6803,9.01561,7.60962,6.42236,5.41996,4.57376,3.8595,20.8449
1918,4.51927,19.8529,92.6548,191.575,284.887,355.156,397.395,413.86,409.904,391.474,363.881,331.355,297.003,262.957,230.577,200.646,173.545,149.38,128.083,109.481,93.3466,79.4298,67.4781,57.2494,48.5197,41.0858,34.7662,29.4014,24.8531,21.0008,17.7404,14.9824,12.6506,10.6801,9.0154,7.60942,6.42217,5.4198,4.57362,3.85938,20.8443
1919,4.51926,19.8528,92.6547,191.575,284.887,355.155,397.393,413.859,409.902,391.471,363.878,331.352,297,262.955,230.574,200.643,173.542,149.378,128.08,109.479,93.3447,79.4281,67.4765,57.2479,48.5183,41.0846,34.7656,29.4015,24.8531,21.0007,17.7402,14.9823,12.6505,10.68,9.01525,7.60924,6.422,5.41964,4.57348,3.85926,20.8437
1920,4.51926,19.8528,92.6546,191.574,284.886,355.155,397.392,413.857,409.9,391.469,363.875,331.349,296.997,262.951,230.571,200.64,173.54,149.375,128.078,109.476,93.3427,79.4263,67.4748,57.2464,48.5169,41.0833,34.7645,29.4009,24.8531,21.0006,17.74,14.9821,12.6504,10.6799,9.01513,7.60909,6.42183,5.41948,4.57334,3.85913,20.843
1921,4.51925,19.8528,92.6545,191.574,284.886,355.153,397.39,413.854,409.897,391.466,363.872,331.345,296.994,262.948,230.567,200.637,173.537,149.372,128.075,109.474,93.3406,79.4244,67.4731,57.2449,48.5156,41.0821,34.7633,29.3999,24.8526,21.0006,17.7399,14.9819,12.6502,10.6798,9.01504,7.60898,6.42169,5.41933,4.57319,3.859,20.8423
1922,4.51925,19.8528,92.6543,191.574,284.885,355.153,397.389,413.853,409.895,391.463,363.869,331.342,296.99,262.945,230.564,200.634,173.534,149.37,128.073,109.472,93.3386,79.4226,67.4715,57.2435,48.5143,41.0809,34.7623,29.3989,24.8518,21.0001,17.7399,14.9818,12.6501,10.6796,9.01494,7.6089,6.4216,5.41921,4.57307,3.85888,20.8416
1923,4.51924,19.8527,92.6542,191.573,284.885,355.151,397.388,413.851,409.893,391.46,363.866,331.339,296.987,262.941,230.561,200.631,173.531,149.367,128.071,109.47,93.3366,79.4208,67.4698,57.242,48.513,41.0797,34.7612,29.398,24.8509,20.9994,17.7395,14.9818,12.65,10.6795,9.01478,7.6088,6.42152,5.41912,4.57296,3.85877,20.8408
1924,4.51923,19.8527,92.6541,191.573,284.884,355.151,397.386,413.849,409.891,391.458,363.863,331.336,296.984,262.938,230.558,200.628,173.528,149.364,128.068,109.468,93.3346,79.419,67.4683,57.2406,48.5117,41.0786,34.7602,29.3971,24.8501,20.9986,17.7388,14.9814,12.6499,10.6794,9.01465,7.60867,6.42144,5.41905,4.57288,3.85867,20.8401
1925,4.51923,19.8527,92.654,191.573,284.883,355.15,397.385,413.847,409.889,391.455,363.86,331.333,296.981,262.935,230.555,200.625,173.525,149.362,128.066,109.465,93.3326,79.4172,67.4667,57.2391,48.5104,41.0774,34.7592,29.3962,24.8493,20.9979,17.7382,14.9808,12.6496,10.6793,9.01456,7.60853,6.42131,5.41897,4.57281,3.8586,20.8393
1926,4.51922,19.8527,92.6538,191.572,284.883,355.148,397.383,413.845,409.886,391.452,363.857,331.329,296.977,262.931,230.551,200.622,173.522,149.359,128.063,109.463,93.3305,79.4153,67.465,57.2376,48.5091,41.0762,34.7581,29.3953,24.8485,20.9972,17.7375,14.9802,12.6491,10.679,9.01449,7.60844,6.42118,5.41885,4.57273,3.85853,20.8386
1927,4.51922,19.8526,92.6537,191.572,284.882,355.148,397.382,413.844,409.884,391.45,363.854,331.326,296.974,262.928,230.548,200.619,173.519,149.356,128.061,109.461,93.3285,79.4135,67.4633,57.2362,48.5078,41.0751,34.7571,29.3944,24.8477,20.9965,17.7369,14.9797,12.6486,10.6786,9.01424,7.60839,6.42111,5.41874,4.57263,3.85847,20.8379
1928,4.51921,19.8526,92.6536,191.572,284.881,355.146,397.38,413.842,409.881,391.447,363.851,331.323,296.97,262.925,230.545,200.616,173.516,149.353,128.058,109.458,93.3264,79.4116,67.4616,57.2346,48.5064,41.0739,34.7561,29.3934,24.8469,20.9958,17.7363,14.9791,12.6481,10.6781,9.01386,7.60816,6.42104,5.41867,4.57253,3.85837,20.8372
1929,4.51919,19.8526,92.6534,191.57,284.877,355.14,397.372,413.831,409.868,391.432,363.836,331.309,296.957,262.913,230.534,200.606,173.508,149.346,128.052,109.453,93.3214,79.4073,67.4579,57.2314,48.5036,41.0715,34.754,29.3916,24.8453,20.9944,17.7351,14.9781,12.6473,10.6774,9.01319,7.6076,6.42065,5.41845,4.57232,3.85817,20.8359
1930,4.51912,19.8525,92.6532,191.564,284.859,355.114,397.338,413.786,409.814,391.373,363.776,331.252,296.905,262.866,230.493,200.57,173.477,149.319,128.029,109.433,93.3048,79.3931,67.4459,57.2212,48.4949,41.0641,34.7477,29.3863,24.8408,20.9906,17.7318,14.9753,12.6449,10.6754,9.01147,7.60612,6.4194,5.41746,4.57158,3.85753,20.8322
1931,4.51903,19.8522,92.6528,191.561,284.844,355.083,397.296,413.734,409.751,391.301,363.701,331.178,296.836,262.804,230.439,200.523,173.436,149.285,127.999,109.408,93.2832,79.3747,67.4302,57.2079,48.4836,41.0545,34.7396,29.3794,24.8349,20.9856,17.7276,14.9718,12.6418,10.6728,9.00928,7.60426,6.41781,5.41612,4.5705,3.8567,20.8273
1932,4.51898,19.8518,92.6514,191.565,284.852,355.081,397.284,413.721,409.735,391.278,363.672,331.145,296.803,262.772,230.409,200.497,173.414,149.265,127.983,109.394,93.2711,79.3644,67.4214,57.2004,48.4773,41.0491,34.7349,29.3755,24.8316,20.9828,17.7252,14.9697,12.6401,10.6713,9.008,7.60317,6.41688,5.41531,4.56983,3.85617,20.8246
1933,4.51897,19.8516,92.6496,191.568,284.872,355.111,397.309,413.743,409.763,391.307,363.693,331.157,296.806,262.771,230.405,200.491,173.408,149.259,127.977,109.388,93.2664,79.3603,67.4178,57.1972,48.4745,41.0467,34.7328,29.3736,24.83,20.9814,17.724,14.9687,12.6392,10.6706,9.00736,7.60261,6.4164,5.4149,4.56946,3.85587,20.8233
1934,4.51896,19.8515,92.6487,191.563,284.873,355.131,397.336,413.76,409.776,391.324,363.711,331.169,296.811,262.769,230.399,200.484,173.4,149.252,127.97,109.382,93.261,79.3555,67.4136,57.1936,48.4714,41.044,34.7305,29.3716,24.8283,20.9799,17.7227,14.9676,12.6383,10.6697,9.00667,7.60202,6.41589,5.41446,4.56908,3.85553,20.8218
1935,4.51896,19.8515,92.6484,191.56,284.864,355.13,397.356,413.785,409.789,391.332,363.723,331.182,296.82,262.772,230.398,200.48,173.394,149.246,127.965,109.377,93.2566,79.3517,67.4103,57.1907,48.4689,41.0418,34.7287,29.37,24.8269,20.9787,17.7217,14.9667,12.6375,10.6691,9.00611,7.60154,6.41547,5.4141,4.56877,3.85526,20.8205
1936,4.51896,19.8515,92.6482,191.561,284.863,355.123,397.36,413.813,409.821,391.353,363.739,331.2,296.837,262.784,230.404,200.481,173.393,149.243,127.961,109.374,93.253,79.3484,67.4074,57.1882,48.4667,41.0399,34.727,29.3686,24.8256,20.9776,17.7208,14.9659,12.6368,10.6685,9.00559,7.60109,6.41508,5.41376,4.56848,3.85501,20.8193
1937,4.51888,19.8515,92.6481,191.554,284.846,355.098,397.32,413.775,409.799,391.329,363.702,331.159,296.802,262.753,230.372,200.448,173.36,149.212,127.933,109.349,93.2314,79.3297,67.3913,57.1743,48.4548,41.0298,34.7184,29.3613,24.8194,20.9724,17.7163,14.9621,12.6336,10.6658,9.00327,7.59911,6.41341,5.41234,4.56728,3.85399,20.8138
1938,4.51869,19.8511,92.648,191.544,284.812,355.044,397.247,413.675,409.69,391.229,363.599,331.048,296.693,262.655,230.285,200.369,173.287,149.145,127.872,109.296,93.1849,79.2896,67.3569,57.1449,48.4298,41.0085,34.7003,29.3459,24.8064,20.9613,17.7069,14.9542,12.6269,10.6601,8.99846,7.59505,6.40997,5.40943,4.56482,3.85191,20.8026
1939,4.51858,19.8503,92.6464,191.544,284.797,355,397.185,413.597,409.589,391.127,363.512,330.965,296.607,262.575,230.218,200.311,173.235,149.098,127.83,109.258,93.1519,79.2611,67.3324,57.1241,48.412,40.9934,34.6875,29.3351,24.7972,20.9535,17.7003,14.9486,12.6222,10.6561,8.99507,7.59218,6.40755,5.40738,4.56308,3.85043,20.7946
1940,4.51835,19.8498,92.6425,191.539,284.791,354.974,397.126,413.52,409.495,391.008,363.389,330.852,296.495,262.46,230.109,200.215,173.151,149.022,127.761,109.196,93.0971,79.2132,67.291,57.0885,48.3816,40.9675,34.6655,29.3163,24.7813,20.9401,17.6889,14.9389,12.614,10.6492,8.98922,7.58724,6.40336,5.40384,4.56009,3.84791,20.7809
1941,4.51808,19.8488,92.64,191.524,284.766,354.943,397.065,413.416,409.368,390.864,363.225,330.689,296.349,262.322,229.974,200.091,173.043,148.928,127.678,109.122,93.0314,79.1557,67.2412,57.0456,48.3449,40.9363,34.6389,29.2938,24.7622,20.9239,17.6752,14.9273,12.6042,10.6409,8.9822,7.58129,6.39834,5.3996,4.5565,3.84487,20.7645
1942,4.51773,19.8476,92.6354,191.524,284.757,354.929,397.054,413.383,409.299,390.773,363.111,330.549,296.201,262.18,229.834,199.952,172.912,148.811,127.575,109.03,92.9491,79.0828,67.1773,56.9903,48.2972,40.8954,34.604,29.2641,24.7369,20.9024,17.6571,14.9119,12.5911,10.6298,8.97287,7.57341,6.39167,5.39396,4.55174,3.84085,20.7427
1943,4.5172,19.8461,92.6299,191.506,284.735,354.888,396.998,413.317,409.199,390.629,362.941,330.357,295.985,261.962,229.627,199.754,172.722,148.636,127.419,108.893,92.8283,78.9762,67.0839,56.909,48.2272,40.8353,34.5526,29.2203,24.6997,20.8709,17.6303,14.8893,12.5719,10.6136,8.95913,7.56179,6.38185,5.38566,4.54473,3.83492,20.7105
1944,4.51469,19.8437,92.6224,191.485,284.682,354.824,396.902,413.184,409.007,390.317,362.475,329.752,295.27,261.169,228.811,198.955,171.96,147.924,126.77,108.313,92.3165,78.5271,66.6923,56.5696,47.9346,40.5842,34.3379,29.0372,24.544,20.7385,17.518,14.7941,12.4914,10.5454,8.90149,7.51306,6.34067,5.35088,4.51534,3.81011,20.5762
1945,4.50933,19.8327,92.6115,191.466,284.642,354.747,396.814,413.047,408.772,389.897,361.764,328.716,293.961,259.667,227.202,197.333,170.394,146.452,125.415,107.091,91.2308,77.5729,65.8595,55.847,47.311,40.0484,33.8794,28.6459,24.2107,20.4553,17.2777,14.5904,12.3188,10.3994,8.77794,7.40861,6.2524,5.2763,4.45235,3.75692,20.2881
1946,4.50077,19.8092,92.5599,191.438,284.601,354.678,396.701,412.901,408.501,389.374,360.854,327.322,292.102,257.462,224.79,194.845,167.95,144.138,123.274,105.145,89.4921,76.0393,64.5188,54.6826,46.305,39.1832,33.138,28.0126,23.6712,19.9965,16.8881,14.26,12.0389,10.1624,8.5775,7.23913,6.10916,5.15527,4.35012,3.67059,19.8206
1947,4.49594,19.7716,92.4501,191.335,284.569,354.64,396.643,412.822,408.452,389.324,360.732,327.019,291.512,256.564,223.644,193.534,166.557,142.743,121.937,103.897,88.3504,75.0141,63.6118,53.8878,45.6131,38.5844,32.6222,27.5702,23.293,19.674,16.6137,14.0269,11.8412,9.99491,8.43567,7.11913,6.00768,5.06949,4.27764,3.60936,19.4889
1948,4.49648,19.7503,92.275,191.136,284.489,354.702,396.738,412.963,408.697,389.804,361.47,327.948,292.478,257.398,224.255,193.912,166.73,142.753,121.838,103.734,88.1507,74.7983,63.3969,53.6846,45.4262,38.4153,32.4714,27.4372,23.1767,19.5733,16.5269,13.9524,11.7775,9.9406,8.38945,7.07987,5.97437,5.04126,4.25373,3.58913,19.3788
1949,4.49787,19.7527,92.1758,190.762,284.161,354.559,396.749,412.991,408.77,390.001,361.931,328.694,293.437,258.418,225.173,194.638,167.249,143.084,122.016,103.803,88.1485,74.7492,63.3192,53.594,45.3331,38.325,32.3865,27.3592,23.1065,19.511,16.4723,13.905,11.7365,9.90538,8.35931,7.05413,5.95245,5.02263,4.23792,3.57571,19.3054
1950,4.50017,19.7588,92.1872,190.569,283.637,354.192,396.647,413.082,408.909,390.226,362.322,329.37,294.398,259.578,226.382,195.742,168.163,143.794,122.536,104.164,88.3915,74.9081,63.4167,53.648,45.3592,38.3342,32.3851,27.3513,23.0949,19.4977,16.4587,13.8919,11.7244,9.89441,8.34956,7.04557,5.94499,5.01617,4.23236,3.57095,19.2787
1951,4.49842,19.7689,92.2155,190.589,283.341,353.527,396.22,412.934,408.878,390.076,362.024,328.986,294.074,259.376,226.293,195.694,168.067,143.606,122.26,103.82,88.0042,74.5075,63.0251,53.2767,45.0152,38.0228,32.1084,27.108,22.8825,19.3133,16.2995,13.7551,11.6073,9.7945,8.26449,6.97327,5.88364,4.96417,4.18832,3.53368,19.0758
1952,4.50005,19.7612,92.2627,190.656,283.392,353.187,395.516,412.559,408.873,390.324,362.345,329.363,294.531,259.986,227.051,196.542,168.907,144.339,122.839,104.244,88.2916,74.6852,63.1245,53.3236,45.026,38.01,32.0825,27.0762,22.8487,19.2796,16.2673,13.7254,11.5804,9.77058,8.24348,6.95499,5.86785,4.95059,4.17668,3.52374,19.0204
1953,4.50212,19.7684,92.2269,190.748,283.477,353.232,395.11,411.796,408.478,390.322,362.622,329.748,295,260.549,227.759,197.379,169.813,145.223,123.615,104.87,88.77,75.0325,63.3648,53.4851,45.1321,38.076,32.1202,27.0957,22.857,19.2809,16.2642,13.7196,11.5735,9.76322,8.23628,6.94824,5.86169,4.94509,4.17184,3.51951,18.9956
1954,4.50296,19.7775,92.2604,190.682,283.636,353.368,395.201,411.421,407.761,389.946,362.561,329.873,295.161,260.74,228.006,197.742,170.289,145.77,124.159,105.342,89.1351,75.2915,63.5315,53.5783,45.1741,38.0847,32.1069,27.0688,22.8235,19.2456,16.2294,13.6866,11.5429,9.73561,8.21171,6.92665,5.8429,4.92884,4.15786,3.50753,18.9284
1955,4.50324,19.7812,92.3028,190.752,283.54,353.569,395.356,411.517,407.384,389.238,362.163,329.743,295.176,260.77,228.054,197.837,170.488,146.072,124.529,105.719,89.4596,75.5344,63.6931,53.6697,45.2104,38.0839,32.0835,27.0314,22.7786,19.1986,16.1837,13.6439,11.5037,9.7003,8.18034,6.89911,5.81893,4.90812,4.14005,3.49229,18.8429
1956,4.50275,19.7824,92.32,190.832,283.623,353.421,395.542,411.625,407.403,388.772,361.362,329.202,294.854,260.564,227.858,197.662,170.365,146.055,124.618,105.884,89.6483,75.6953,63.8003,53.722,45.2157,38.0534,32.0309,26.9676,22.7098,19.1292,16.1175,13.5829,11.4487,9.65124,8.13706,6.86126,5.78609,4.8798,4.11574,3.47149,18.7268
1957,4.5031,19.7802,92.3258,190.874,283.761,353.55,395.411,411.869,407.584,388.9,361.083,328.673,294.604,260.533,227.937,197.745,170.455,146.171,124.803,106.138,89.9445,75.9907,64.0531,53.9126,45.3452,38.1305,32.0669,26.9757,22.7005,19.1089,16.0909,13.554,11.4201,9.62417,8.11203,6.83857,5.76583,4.86195,4.10017,3.45801,18.6493
1958,4.50338,19.7818,92.3156,190.88,283.807,353.698,395.524,411.69,407.776,389.021,361.154,328.377,294.095,260.283,227.887,197.796,170.513,146.237,124.895,106.289,90.1545,76.2376,64.2998,54.1236,45.504,38.238,32.1305,27.0048,22.7063,19.1003,16.0732,13.5312,11.3955,9.59978,8.08896,6.81727,5.74654,4.84475,4.08502,3.4448,18.5722
1959,4.50289,19.783,92.3229,190.868,283.839,353.788,395.733,411.862,407.648,389.225,361.238,328.358,293.698,259.666,227.481,197.558,170.365,146.105,124.784,106.216,90.1488,76.2979,64.4065,54.2439,45.6066,38.3076,32.1664,27.0121,22.6917,19.0721,16.0379,13.4926,11.3562,9.56214,8.05422,6.78586,5.7185,4.81998,4.06334,3.42598,18.4634
1960,4.50185,19.7809,92.3287,190.879,283.811,353.815,395.816,412.052,407.774,389.032,361.322,328.296,293.516,259.135,226.755,197.023,169.986,145.818,124.526,105.992,89.9725,76.1935,64.3714,54.2601,45.645,38.3404,32.1796,27.0039,22.6653,19.0324,15.9911,13.4435,11.3074,9.51538,8.01096,6.74686,5.68384,4.78945,4.03665,3.40281,18.3294
1961,4.49847,19.7763,92.3184,190.885,283.813,353.759,395.816,412.088,407.856,388.94,360.789,327.872,292.842,258.281,225.567,195.674,168.836,144.853,123.699,105.252,89.3239,75.6439,63.9364,53.9322,45.4034,38.1556,32.0231,26.8593,22.5271,18.8995,15.8644,13.3255,11.1999,9.41855,7.92463,6.67087,5.61766,4.73216,3.98725,3.36036,18.0894
1962,4.49645,19.7615,92.297,190.861,283.815,353.751,395.74,412.076,407.895,389.061,360.803,327.547,292.673,257.931,225.083,194.909,167.931,144.108,123.094,104.745,88.8706,75.2471,63.604,53.6787,45.224,38.0346,31.9374,26.7868,22.4556,18.8256,15.7885,13.2493,11.1264,9.34984,7.86154,6.61378,5.56685,4.68757,3.94842,3.32671,17.8945
1963,4.4949,19.7526,92.2278,190.821,283.789,353.768,395.751,412.023,407.917,389.14,360.966,327.617,292.445,257.846,224.84,194.55,167.33,143.386,122.506,104.273,88.4771,74.8954,63.2962,53.4218,45.0304,37.9005,31.8498,26.7267,22.4047,18.7739,15.7337,13.1917,11.0676,9.29253,7.80762,6.56401,5.52164,4.64722,3.91294,3.29576,17.7117
1964,4.49453,19.7458,92.1864,190.677,283.727,353.733,395.766,412.034,407.882,389.218,361.152,327.936,292.727,257.896,225.03,194.605,167.275,143.108,122.106,103.967,88.2481,74.712,63.1288,53.2739,44.9097,37.819,31.8061,26.7115,22.4035,18.7728,15.7253,13.1751,11.0441,9.26413,7.77716,6.53363,5.49241,4.61985,3.888,3.2735,17.573
1965,4.49564,19.7441,92.1548,190.6,283.537,353.688,395.771,412.113,407.994,389.347,361.463,328.421,293.387,258.555,225.496,195.183,167.714,143.422,122.196,103.918,88.2446,74.7416,63.1671,53.2987,44.9271,37.8384,31.8404,26.7619,22.4642,18.8336,15.7764,13.2119,11.0669,9.27527,7.77932,6.52993,5.48532,4.61082,3.87808,3.26357,17.497
1966,4.49491,19.7491,92.1468,190.511,283.36,353.364,395.604,411.958,407.852,389.155,361.195,328.234,293.291,258.577,225.509,195.044,167.704,143.333,122.047,103.625,87.88,74.4573,62.9493,53.1227,44.77,37.7016,31.7281,26.6818,22.4145,18.8071,15.7623,13.1999,11.0518,9.25586,7.75626,6.50452,5.45935,4.58564,3.85432,3.24163,17.3519
1967,4.49471,19.7458,92.1699,190.504,283.252,353.177,395.287,411.845,407.779,389.12,361.138,328.129,293.274,258.647,225.681,195.2,167.718,143.446,122.08,103.595,87.7155,74.2218,62.7719,52.9926,44.6675,37.6084,31.6461,26.6154,22.3708,18.7852,15.7567,13.2021,11.0535,9.253,7.74826,6.49215,5.4439,4.56879,3.83736,3.22522,17.2307
1968,4.49559,19.745,92.1546,190.528,283.177,352.954,394.959,411.367,407.514,388.936,361.069,328.132,293.319,258.833,225.982,195.606,168.11,143.706,122.406,103.831,87.8751,74.2462,62.7159,52.9668,44.6645,37.6132,31.6454,26.6124,22.371,18.7958,15.7782,13.231,11.0835,9.27816,7.76576,6.50214,5.44754,4.56762,3.83314,3.21933,17.1599
1969,4.49655,19.7488,92.1506,190.499,283.219,352.87,394.723,411.044,407.066,388.72,360.948,328.131,293.391,258.948,226.221,195.941,168.53,144.106,122.685,104.159,88.1199,74.4197,62.7696,52.9479,44.667,37.6313,31.667,26.6267,22.3811,18.8066,15.7961,13.2566,11.1141,9.30867,7.79132,6.52055,5.45905,4.5733,3.83436,3.21763,17.1055
1970,4.49499,19.7531,92.1679,190.448,283.062,352.765,394.417,410.511,406.367,387.804,360.145,327.32,292.623,258.216,225.531,195.392,168.115,143.826,122.455,103.892,87.9585,74.2466,62.5893,52.7135,44.4124,37.4302,31.5098,26.4989,22.2697,18.711,15.7174,13.1977,11.0735,9.28219,7.77318,6.50535,5.4438,4.55722,3.81755,3.20056,16.9623
1971,4.49545,19.7462,92.1883,190.529,283.106,352.736,394.524,410.494,406.227,387.616,359.86,327.224,292.573,258.224,225.563,195.43,168.229,144.001,122.687,104.111,88.0931,74.4216,62.7104,52.7899,44.4096,37.3815,31.4811,26.4856,22.2627,18.7022,15.7085,13.1917,11.0746,9.29052,7.78653,6.51993,5.456,4.56534,3.8216,3.20117,16.9059
1972,4.49521,19.7482,92.1558,190.526,283.108,352.628,394.272,410.316,405.862,387.099,359.292,326.582,292.128,257.852,225.276,195.197,168.034,143.901,122.667,104.164,88.1548,74.4303,62.7692,52.8169,44.4105,37.3258,31.3952,26.4236,22.2196,18.6694,15.6785,13.1653,11.0537,9.27808,7.7823,6.52173,5.46036,4.56899,3.82289,3.19995,16.8349
1973,4.49386,19.7472,92.1649,190.434,283.037,352.537,394.026,409.886,405.47,386.484,358.499,325.715,291.181,257.079,224.579,194.596,167.508,143.439,122.319,103.915,87.9981,74.3087,62.6275,52.739,44.325,37.2348,31.2707,26.2858,22.1121,18.5864,15.6116,13.1069,11.0036,9.23702,7.75213,6.50159,5.44795,4.56098,3.81619,3.19286,16.7316
1974,4.49015,19.7412,92.1599,190.445,282.863,352.25,393.23,408.216,403.016,383.76,355.537,322.748,288.395,254.496,222.41,192.73,165.93,142.101,121.183,102.999,87.2693,73.7436,62.1639,52.3185,44.0079,36.9529,31.0189,26.0347,21.8738,18.3934,15.4557,12.9785,10.894,9.14421,7.6751,6.44056,5.40111,4.52547,3.78846,3.16966,16.5476
1975,4.48461,19.7249,92.1318,190.405,282.788,351.758,392.112,405.852,399.219,378.987,350.586,317.836,283.807,250.399,218.792,189.728,163.403,139.995,119.423,101.526,86.0749,72.7821,61.4014,51.6916,43.4585,36.5237,30.6471,25.7112,21.57,18.1159,15.2288,12.7934,10.7408,9.01427,7.56539,6.34926,5.32753,4.4674,3.74292,3.13321,16.3059
1976,4.47673,19.7006,92.0566,190.414,282.892,351.734,391.216,403.725,395.398,373.613,344.354,311.618,277.851,244.965,214.007,185.554,159.928,137.072,116.984,99.486,84.3668,71.3846,60.2635,50.7743,42.7002,35.8686,30.1243,25.2633,21.1849,17.7662,14.9168,12.5365,10.5296,8.83885,7.41708,6.22428,5.22329,4.38245,3.67469,3.07863,15.988
1977,4.46757,19.6659,91.9427,190.234,282.825,351.592,390.37,401.212,391.118,367.568,337.057,303.907,270.56,238.289,208.114,180.491,155.603,133.51,114.021,97.0343,82.3321,69.692,58.881,49.6488,41.7908,35.118,29.481,24.7471,20.7452,17.3904,14.5801,12.239,10.2842,8.63663,7.24896,6.08236,5.10381,4.28274,3.59313,3.01272,15.6311
1978,4.45504,19.6257,91.7808,189.975,282.476,351.227,389.357,398.676,386.349,360.923,328.908,294.931,261.576,230.02,200.695,174.02,150.075,128.811,110.136,93.7977,79.6461,67.4579,57.0195,48.1187,40.5361,34.0947,28.6333,24.0253,20.1594,16.8939,14.1582,11.8677,9.96044,8.36839,7.02694,5.89735,4.9479,4.15161,3.48356,2.92251,15.1635
1979,4.43857,19.5707,91.5925,189.585,281.924,350.386,387.895,395.682,381.22,353.491,319.922,284.956,251.292,220.133,191.779,166.139,143.262,123.015,105.224,89.7247,76.2488,64.6325,54.6656,46.1548,38.9147,32.7585,27.5368,23.1148,19.3874,16.2627,13.6249,11.4162,9.56775,8.029,6.74492,5.66321,4.7525,3.98713,3.3453,2.80689,14.5723
1980,1.79866,19.4983,91.3323,188.919,280.59,348.468,384.769,390.729,373.883,343.863,308.414,272.552,238.61,207.765,180.277,155.922,134.321,115.319,98.681,84.1789,71.6234,60.7603,51.4316,43.4515,36.6534,30.8811,25.9805,21.8287,18.3162,15.3578,12.8793,10.7881,9.03774,7.57335,6.35465,5.33788,4.48149,3.7606,3.15482,2.64687,13.7502
1981,1.78655,7.90138,90.9962,188.508,279.973,347.655,384.717,391.309,374.251,342.875,305.597,267.919,232.837,201.311,173.635,149.57,128.632,110.319,94.3803,80.5373,68.548,58.2193,49.318,41.6977,35.1948,29.666,24.9789,21.0044,17.6408,14.7974,12.4041,10.4,8.70986,7.29567,6.11285,5.1287,4.30776,3.61642,3.03453,2.54561,13.2301
1982,2.35198,7.8482,36.8756,187.992,279.768,346.74,381.607,386.075,367.251,334.593,296.161,257.615,221.968,190.49,163.172,139.757,119.743,102.553,87.6675,74.8088,63.7062,54.1343,45.9176,38.8564,32.8248,27.6869,23.3247,19.6308,16.5014,13.8548,11.6189,9.73783,8.16325,6.83577,5.72528,4.79667,4.02415,3.37983,2.83729,2.38068,12.3761
1983,2.16358,10.3321,36.6275,76.1928,279.004,345.825,377.827,377.225,354.301,319.307,280.098,241.504,206.266,175.437,149.153,126.881,108.107,92.2561,78.7677,67.1712,57.209,48.6444,41.2853,34.9848,29.5817,24.9741,21.0544,17.7299,14.9171,12.5357,10.5229,8.82317,7.39366,6.19741,5.18912,4.34581,3.64072,3.05422,2.56509,2.15326,11.1989
1984,3.32593,9.50444,48.2193,75.6506,113.018,345.088,378.219,376.426,350.23,312.549,271.764,232.563,197.103,166.319,140.234,118.465,100.293,85.1421,72.4539,61.7247,52.5462,44.6916,37.9594,32.1887,27.2573,23.0346,19.438,16.3811,13.7905,11.5998,9.74615,8.17996,6.85779,5.74612,4.81603,4.03221,3.37673,2.82874,2.37296,1.99288,10.3735
1985,3.9726,14.6106,44.3572,99.6353,112.29,139.797,376.806,375.358,347.421,306.663,263.761,223.573,187.969,157.334,131.574,110.209,92.6394,78.1331,66.1362,56.1518,47.7506,40.5921,34.4852,29.2638,24.7969,20.9856,17.7261,14.9526,12.5973,10.6024,8.91637,7.49029,6.28578,5.26921,4.41466,3.69983,3.09749,2.59384,2.17282,1.82267,9.4985
1986,3.30423,17.4513,68.1873,91.6456,147.902,139.195,153.857,379.997,354.702,313.147,267.25,224.423,186.991,155.257,128.751,106.916,89.0729,74.5601,62.6784,52.9167,44.8353,38.0644,32.3152,27.4244,23.2521,19.6893,16.6537,14.0608,11.8564,9.98581,8.40246,7.06492,5.93403,4.97914,4.17346,3.49632,2.92999,2.45285,2.05392,1.72048,8.964
1987,3.01926,14.5152,81.4443,140.818,135.936,183.218,153.161,155.234,359.52,320.293,273.525,227.989,188.239,154.918,127.453,104.964,86.7017,71.9342,60.0192,50.3257,42.4015,35.8677,30.4114,25.7912,21.8693,18.5296,15.6817,13.2581,11.1899,9.43285,7.94275,6.68206,5.61752,4.71772,3.95816,3.3174,2.77898,2.32871,1.9494,1.6323,8.49092
1988,3.09106,13.2634,67.7395,167.973,208.364,167.851,200.49,153.125,144.996,319.618,274.993,229.209,187.834,153.226,125.006,102.182,83.7429,68.9153,57.0124,47.4614,39.7251,33.4227,28.2405,23.9228,20.2736,17.1806,14.5501,12.3092,10.4036,8.77843,7.39857,6.2288,5.23947,4.40427,3.69849,3.1028,2.60037,2.17822,1.82522,1.52788,7.93414
1989,3.91881,13.5788,61.8919,139.202,246.931,255.419,182.088,198.342,141.292,127.193,270.589,227.148,186.115,150.685,121.855,98.7765,80.3536,65.6122,53.8416,44.4434,36.9334,30.8703,25.944,21.902,18.5402,15.7031,13.3013,11.2605,9.52339,8.04713,6.78874,5.72073,4.81562,4.05032,3.40439,2.85864,2.39809,2.00968,1.68336,1.41052,7.3121
1990,3.5921,17.2151,63.3715,127.818,206.391,304.657,276.988,178.3,179.447,120.698,104.436,216.354,178.43,144.461,116.003,93.2668,75.287,61.0566,49.7398,40.7445,33.5864,27.8812,23.2845,19.5557,16.5002,13.9616,11.8211,10.0104,8.47263,7.16429,6.05286,5.10573,4.30209,3.62115,3.04549,2.55968,2.14925,1.80293,1.51088,1.26552,6.55766
1991,3.95221,15.7799,80.341,130.83,189.375,254.14,328.517,268.174,158.607,150.085,96.7841,81.4519,165.718,135.065,108.496,86.6583,69.4139,55.8829,45.2317,36.7944,30.1069,24.7966,20.5709,17.1706,14.4149,12.1587,10.2855,8.70675,7.37181,6.23858,5.27465,4.45598,3.75846,3.1667,2.66535,2.24155,1.88393,1.58182,1.3269,1.11194,5.75776
1992,3.5598,17.3618,73.6425,165.811,193.799,233.814,276.974,325.058,246.31,137.964,125.694,78.9943,65.3319,131.346,106.164,84.7746,67.4178,53.8274,43.2283,34.9228,28.3667,23.1841,19.0774,15.8148,13.193,11.0705,9.3343,7.89379,6.68055,5.65517,4.78507,4.0452,3.417,2.88188,2.42796,2.04346,1.71846,1.44424,1.2126,1.01717,5.26618
1993,3.45009,15.6379,81.0242,151.93,245.305,237.69,249.163,261.708,278.559,196.449,104.811,92.5541,57.0432,46.6107,93.005,74.8168,59.5599,47.2697,37.6892,30.2393,24.4131,19.8204,16.1935,13.3215,11.0411,9.20925,7.72679,6.51436,5.50864,4.66172,3.94602,3.33877,2.82245,2.38408,2.01068,1.69396,1.42568,1.19892,1.0076,0.845988,4.38398
1994,4.59504,15.156,72.9787,167.091,224.601,300.73,253.74,236.982,227.105,226.158,152.462,78.993,68.4597,41.6894,33.7998,67.0936,53.7822,42.7091,33.8362,26.9436,21.5969,17.4231,14.1375,11.5455,9.49466,7.86722,6.56058,5.50356,4.63936,3.92269,3.31931,2.80952,2.37702,2.00934,1.6972,1.43134,1.20584,1.01485,0.853424,0.717225,3.72297
1995,4.30923,20.1857,70.7305,150.595,247.348,276.211,323.517,244.673,209.532,188.361,179.371,117.287,59.5169,50.8434,30.6481,24.6655,48.6948,38.873,30.772,24.3193,19.328,15.469,12.4644,10.1041,8.24521,6.77638,5.61206,4.67808,3.92309,3.30619,2.79486,2.36456,2.00112,1.69288,1.43089,1.20851,1.01914,0.858545,0.72253,0.607582,3.16107
1996,3.25826,18.9301,94.2047,146.024,223.104,304.347,297.172,311.985,216.523,174.22,150.099,138.99,89.2404,44.7466,37.9218,22.7348,18.2271,35.8855,28.5897,22.5977,17.8386,14.1649,11.329,9.12359,7.39278,6.03067,4.95501,4.10275,3.41937,2.86711,2.41599,2.04216,1.72762,1.46199,1.23673,1.0453,0.882818,0.744464,0.627138,0.527774,2.75293
1997,3.12268,14.3133,88.3453,194.503,216.329,274.12,325.576,283.115,271.033,175.908,135.276,113.189,102.889,65.2927,32.4947,27.4046,16.3761,13.0999,25.751,20.4926,16.1844,12.7681,10.134,8.10221,6.52319,5.28456,4.31016,3.54091,2.93156,2.44305,2.04835,1.72596,1.45883,1.23409,1.04432,0.883392,0.746636,0.630572,0.531742,0.447937,2.34341
1998,2.2342,13.7177,66.7985,182.373,288.04,265.545,292.46,308.519,243.969,217.953,135.012,100.759,82.7323,74.3216,46.8133,23.1865,19.4928,11.6236,9.28458,18.2321,14.4983,11.444,9.02465,7.16058,5.72358,4.60727,3.7319,3.04344,2.50004,2.06967,1.72469,1.44597,1.21835,1.02975,0.871094,0.737125,0.623528,0.526994,0.445069,0.37531,1.9703
1999,5.13675,9.81467,64.0205,138.019,270.57,354.856,285.792,281.667,272.142,201.836,172.551,103.814,76.004,61.6185,54.8811,34.3635,16.9485,14.2049,8.45115,6.73894,13.2158,10.4986,8.28022,6.52561,5.17513,4.13493,3.3274,2.69451,2.19698,1.80441,1.49359,1.24449,1.04329,0.878993,0.742887,0.628397,0.531733,0.449775,0.380132,0.321031,1.69195
2000,7.11681,22.5654,45.8049,132.27,204.841,334.803,387.939,284.104,260.361,238.573,170.507,142.121,84.0378,60.7925,48.8704,43.2612,26.9656,13.2545,11.0801,6.57877,5.23763,10.2588,8.14151,6.41616,5.05338,4.00555,3.19913,2.57352,2.08347,1.6984,1.39468,1.15428,0.961661,0.80611,0.679114,0.573923,0.485449,0.410758,0.347435,0.293631,1.55492
2001,3.72736,31.2637,105.31,94.5388,195.939,252.858,364.717,383.746,261.031,226.713,200.115,139.419,114.206,66.7249,47.8615,38.241,33.6998,20.9347,10.2636,8.56269,5.07613,4.03634,7.89816,6.26319,4.93282,3.88316,3.07674,2.45652,1.97561,1.59908,1.30331,1.0701,0.885543,0.737705,0.618334,0.520889,0.440185,0.372313,0.315019,0.266449,1.41766
2002,1.94953,16.3741,145.902,217.282,139.933,241.216,273.229,355.059,344.389,220.8,184.132,158.193,108.263,87.6386,50.7932,36.2312,28.8339,25.3365,15.7056,7.68746,6.40549,3.79363,3.01427,5.89469,4.67224,3.67842,2.8948,2.29308,1.83048,1.4719,1.19122,0.97079,0.79701,0.659509,0.549377,0.46046,0.387881,0.327775,0.277229,0.234563,1.25402
2003,4.23664,8.56414,76.4133,300.773,321.131,172.076,260.704,266.592,320.007,292.995,180.524,146.583,123.715,83.66,67.1675,38.7041,27.493,21.8126,19.1227,11.833,5.78403,4.81436,2.84891,2.26213,4.42148,3.50307,2.757,2.16909,1.71784,1.37104,1.10231,0.892003,0.726875,0.596713,0.493737,0.411267,0.344689,0.290349,0.24535,0.20751,1.11425
2004,1.08184,18.6112,39.9675,157.672,445.229,395.258,185.786,253.422,238.789,270.108,237.436,142.384,113.568,94.7182,63.5377,50.7276,29.1147,20.6214,16.3256,14.289,8.83082,4.31237,3.58669,2.12116,1.68347,3.2892,2.60519,2.04985,1.61242,1.27677,1.01889,0.819093,0.662766,0.540038,0.443309,0.36679,0.305514,0.256048,0.215677,0.182247,0.981834
2005,4.39986,4.75244,86.8585,82.5771,233.939,549.247,427.564,180.845,227.186,201.645,218.928,187.273,110.303,86.9344,71.9205,47.9744,38.1492,21.8318,15.4296,12.1953,10.6605,6.58197,3.21173,2.66966,1.57807,1.25197,2.44538,1.93637,1.5233,1.19804,0.948535,0.756869,0.608402,0.492254,0.401078,0.329224,0.272388,0.226875,0.190138,0.160156,0.864435
2006,3.36576,19.3283,22.1796,179.464,122.541,288.937,596.599,419.724,164.179,194.877,166.328,175.892,147.83,86.0372,67.252,55.3131,36.7405,29.1245,16.6278,11.7304,9.2585,8.08445,4.98713,2.43184,2.02029,1.1937,0.946691,1.84858,1.46346,1.15106,0.905149,0.716555,0.571708,0.459526,0.371775,0.302899,0.248624,0.205695,0.171321,0.143576,0.773697
2007,2.63009,14.7855,90.2035,45.7965,266.049,151.4,315.175,591.427,386.822,143.504,164.151,136.595,141.955,117.868,68.0099,52.8282,43.2478,28.6252,22.6301,12.8929,9.08054,7.15771,6.24358,3.84836,1.87531,1.55711,0.919631,0.729085,1.42327,1.1265,0.88587,0.69651,0.551322,0.439833,0.3535,0.285978,0.232985,0.191229,0.158205,0.131764,0.705474
2008,8.65762,11.5538,69.0028,186.249,67.8925,328.824,165.367,313.274,547.199,339.745,121.535,135.589,110.902,113.877,93.7484,53.7562,41.5629,33.906,22.3815,17.6569,10.0429,7.06409,5.56249,4.84808,2.98623,1.45442,1.20712,0.712678,0.564854,1.10242,0.872394,0.685941,0.539252,0.426803,0.340468,0.273621,0.221345,0.180321,0.147999,0.122437,0.647947
2009,2.3225,38.0323,53.9206,142.474,276.123,83.9495,359.723,164.894,291.216,483.404,289.6,101.071,110.846,89.5798,91.1925,74.5997,42.5742,32.7989,26.6823,17.575,13.8414,7.86212,5.52418,4.34618,3.78537,2.33035,1.13447,0.941232,0.555539,0.440205,0.858979,0.679644,0.53432,0.420013,0.332401,0.265144,0.213075,0.172359,0.140409,0.115238,0.599846
2010,5.33615,10.2026,177.493,111.33,211.178,340.846,91.2891,354.314,150.496,251.464,401.696,234.482,80.4149,87.1455,69.8437,70.6813,57.5714,32.7506,25.1694,20.4374,13.442,10.5743,6.00095,4.21345,3.31305,2.88423,1.77493,0.863824,0.716515,0.422824,0.33499,0.653589,0.517082,0.406484,0.319503,0.252843,0.201675,0.162064,0.131092,0.106789,0.543868
2011,4.69274,23.4413,47.6146,366.477,165.016,260.647,370.523,89.876,323.245,129.916,208.924,325.208,186.543,63.2139,67.9357,54.1243,54.5354,44.2761,25.1253,19.2727,15.6262,10.2657,8.06823,4.57541,3.21066,2.52338,2.19594,1.35096,0.657325,0.545123,0.321632,0.254787,0.497055,0.393208,0.309084,0.242932,0.192239,0.15333,0.123211,0.0996612,0.494663
2012,3.72369,20.6149,109.399,98.3182,543.373,204.062,285.142,369.403,83.515,285.391,110.66,173.602,265.629,150.543,50.5756,54.0104,42.8269,42.9971,34.8118,19.7119,15.0946,12.2221,8.02076,6.29845,3.56933,2.50329,1.96655,1.71076,1.05217,0.511823,0.424377,0.250351,0.198296,0.386809,0.30597,0.240494,0.189012,0.149564,0.119288,0.0958529,0.46236
2013,5.25994,16.3579,96.208,225.906,145.785,671.895,223.138,284,342.755,73.6017,242.603,91.7583,141.497,213.913,120.193,40.1257,42.6497,33.698,33.7391,27.2577,15.4085,11.7835,9.531,6.24942,4.90414,2.77766,1.94721,1.52916,1.32988,0.817722,0.397704,0.329705,0.194478,0.154025,0.300427,0.237625,0.186765,0.146778,0.11614,0.0926276,0.433457
2014,4.70113,23.1065,76.3412,198.675,334.919,179.899,729.351,218.981,257.836,294.091,60.7371,195.016,72.4742,110.436,165.585,92.4963,30.7489,32.5806,25.6815,25.6661,20.7065,11.6923,8.9338,7.22107,4.73221,3.7119,2.10165,1.47289,1.15641,1.00552,0.618186,0.300622,0.249198,0.146979,0.116398,0.227024,0.17956,0.141122,0.110905,0.0877531,0.397509
2015,2.14399,20.6518,107.837,157.652,294.55,413.191,195.093,714.277,198.178,220.348,241.597,48.5909,153.281,56.2884,85.0701,126.815,70.544,23.3789,24.7142,19.4463,19.4081,15.641,8.82451,6.73809,5.44341,3.56573,2.79597,1.58262,1.10889,0.87047,0.75678,0.46521,0.226209,0.1875,0.110582,0.0875698,0.17079,0.135078,0.10616,0.0834265,0.365044
2016,5.24856,9.41839,96.3804,222.693,233.682,362.701,445.171,188.585,634.211,165.456,176.4,188.132,37.1611,115.845,42.2052,63.4411,94.2136,52.2654,17.2864,18.2463,14.3406,14.2998,11.5163,6.49389,4.9564,4.0027,2.62128,2.05496,1.16298,0.814751,0.639499,0.555925,0.341715,0.166149,0.137711,0.0812147,0.0643119,0.125426,0.0991975,0.0779595,0.329357
2017,1.36318,23.0566,43.955,199.037,330.143,288.136,392.607,434.43,169.819,538.782,135.044,140.177,146.868,28.6665,88.6375,32.1087,48.0664,71.166,39.3904,13.0057,13.7096,10.7639,10.7245,8.63139,4.86464,3.71136,2.99625,1.96166,1.53753,0.869993,0.60941,0.478272,0.415731,0.255522,0.124233,0.102964,0.0607206,0.0480816,0.0937701,0.0741597,0.304522
2018,3.92423,5.98837,107.603,90.7718,295.065,407.006,311.693,382.59,390.328,143.854,438.323,106.946,109.053,112.909,21.8606,67.2134,24.25,36.1953,53.4724,29.5477,9.74343,10.2606,8.04962,8.01524,6.44772,3.63251,2.77047,2.23609,1.46368,1.14703,0.64895,0.454526,0.356687,0.310023,0.19054,0.0926349,0.0767728,0.0452735,0.0358489,0.0699123,0.282349
2019,3.95441,17.2388,27.9473,222.212,134.6,364.619,443.899,308.771,352.139,340.579,120.937,359.261,86.1514,86.8032,89.1161,17.1491,52.4906,18.8742,28.0986,41.4279,22.8564,7.52764,7.91942,6.20811,6.17773,4.96708,2.79722,2.13271,1.72089,1.12621,0.882416,0.499171,0.349581,0.274307,0.238403,0.146513,0.0712272,0.0590285,0.0348084,0.0275616,0.270837
2020,3.97864,17.3715,80.4525,57.7137,329.492,166.285,397.338,439.033,283.547,306.416,285.464,98.8135,288.491,68.3581,68.2979,69.6939,13.3519,40.7311,14.6084,21.7051,31.9521,17.607,5.79321,6.09004,4.77111,4.74543,3.81396,2.14715,1.63665,1.32035,0.863936,0.676823,0.382828,0.268079,0.21034,0.182798,0.112335,0.0546093,0.0452552,0.0266858,0.228757
2021,3.99532,17.4779,81.0714,166.136,85.5713,407.031,181.214,393.092,403.408,246.946,257.101,233.511,79.442,229.175,53.8462,53.4716,54.3194,10.3713,31.5568,11.2954,16.7563,24.6366,13.5626,4.459,4.68455,3.66817,3.64696,2.93015,1.64916,1.2568,1.01373,0.663218,0.519519,0.293826,0.205739,0.161417,0.140274,0.0861996,0.0419028,0.0347243,0.195994
2022,3.99984,17.5512,81.5679,167.41,246.315,105.695,443.412,179.153,360.834,350.905,206.922,210.013,187.465,63.0181,180.268,42.0986,41.6189,42.1368,8.0246,24.3681,8.70871,12.9033,18.9532,10.4258,3.42559,3.59708,2.81552,2.79834,2.24775,1.26482,0.963738,0.777242,0.508442,0.398242,0.225219,0.157691,0.123714,0.107505,0.0660606,0.0321121,0.17681
2023,3.9731,17.571,81.9099,168.43,248.14,303.657,114.385,432.569,161.247,306.344,286.202,164.31,163.832,144.516,48.1878,137.066,31.8795,31.4225,31.7428,6.03493,18.3022,6.53425,9.67381,14.2005,7.80753,2.56429,2.6918,2.10639,2.0931,1.68099,0.945777,0.72056,0.581071,0.380087,0.29769,0.168345,0.117865,0.0924665,0.0803498,0.049373,0.156149
